Yahoo_Ticker,Code,銘柄名,Type,市場・商品区分,33業種区分,規模区分
1301.T,1301,極洋,Stock,プライム（内国株式）,水産・農林業,TOPIX Small 1
1306.T,1306,ＮＥＸＴ　ＦＵＮＤＳ　ＴＯＰＩＸ連動型上場投信,ETF,ETF・ETN,-,-
1321.T,1321,ＮＥＸＴ　ＦＵＮＤＳ　日経２２５連動型上場投信,ETF,ETF・ETN,-,-
1332.T,1332,ニッスイ,Stock,プライム（内国株式）,水産・農林業,TOPIX Mid400
1333.T,1333,マルハニチロ,Stock,プライム（内国株式）,水産・農林業,TOPIX Mid400
1357.T,1357,ＮＥＸＴ　ＦＵＮＤＳ　日経平均ダブルインバース・インデックス連動型上場投信,ETF,ETF・ETN,-,-
1375.T,1375,ユキグニファクトリー,Stock,プライム（内国株式）,水産・農林業,TOPIX Small 2
1376.T,1376,カネコ種苗,Stock,スタンダード（内国株式）,水産・農林業,TOPIX Small 2
1377.T,1377,サカタのタネ,Stock,プライム（内国株式）,水産・農林業,TOPIX Small 1
1379.T,1379,ホクト,Stock,プライム（内国株式）,水産・農林業,TOPIX Small 2
1414.T,1414,ショーボンドホールディングス,Stock,プライム（内国株式）,建設業,TOPIX Mid400
1417.T,1417,ミライト・ワン,Stock,プライム（内国株式）,建設業,TOPIX Mid400
1419.T,1419,タマホーム,Stock,プライム（内国株式）,建設業,TOPIX Small 1
1435.T,1435,ｒｏｂｏｔ　ｈｏｍｅ,Stock,スタンダード（内国株式）,不動産業,TOPIX Small 2
1514.T,1514,住石ホールディングス,Stock,スタンダード（内国株式）,鉱業,TOPIX Small 2
1515.T,1515,日鉄鉱業,Stock,プライム（内国株式）,鉱業,TOPIX Small 1
1518.T,1518,三井松島ホールディングス,Stock,プライム（内国株式）,その他製品,TOPIX Small 1
1570.T,1570,ＮＥＸＴ　ＦＵＮＤＳ　日経平均レバレッジ・インデックス連動型上場投信,ETF,ETF・ETN,-,-
1605.T,1605,ＩＮＰＥＸ,Stock,プライム（内国株式）,鉱業,TOPIX Mid400
1662.T,1662,石油資源開発,Stock,プライム（内国株式）,鉱業,TOPIX Small 1
1663.T,1663,Ｋ＆Ｏエナジーグループ,Stock,プライム（内国株式）,鉱業,TOPIX Small 1
167A.T,167A,リョーサン菱洋ホールディングス,Stock,プライム（内国株式）,卸売業,TOPIX Small 1
1716.T,1716,第一カッター興業,Stock,スタンダード（内国株式）,建設業,TOPIX Small 2
1719.T,1719,安藤・間,Stock,プライム（内国株式）,建設業,TOPIX Mid400
1720.T,1720,東急建設,Stock,プライム（内国株式）,建設業,TOPIX Small 1
1721.T,1721,コムシスホールディングス,Stock,プライム（内国株式）,建設業,TOPIX Mid400
1726.T,1726,ビーアールホールディングス,Stock,プライム（内国株式）,建設業,TOPIX Small 2
1762.T,1762,高松コンストラクショングループ,Stock,プライム（内国株式）,建設業,TOPIX Small 2
1766.T,1766,東建コーポレーション,Stock,プライム（内国株式）,建設業,TOPIX Small 1
1780.T,1780,ヤマウラ,Stock,プライム（内国株式）,建設業,TOPIX Small 2
1786.T,1786,オリエンタル白石,Stock,プライム（内国株式）,建設業,TOPIX Small 2
1801.T,1801,大成建設,Stock,プライム（内国株式）,建設業,TOPIX Mid400
1802.T,1802,大林組,Stock,プライム（内国株式）,建設業,TOPIX Mid400
1803.T,1803,清水建設,Stock,プライム（内国株式）,建設業,TOPIX Mid400
1808.T,1808,長谷工コーポレーション,Stock,プライム（内国株式）,建設業,TOPIX Mid400
1810.T,1810,松井建設,Stock,スタンダード（内国株式）,建設業,TOPIX Small 2
1812.T,1812,鹿島建設,Stock,プライム（内国株式）,建設業,TOPIX Mid400
1813.T,1813,不動テトラ,Stock,プライム（内国株式）,建設業,TOPIX Small 2
1815.T,1815,鉄建建設,Stock,プライム（内国株式）,建設業,TOPIX Small 2
1820.T,1820,西松建設,Stock,プライム（内国株式）,建設業,TOPIX Mid400
1822.T,1822,大豊建設,Stock,スタンダード（内国株式）,建設業,TOPIX Small 2
1833.T,1833,奥村組,Stock,プライム（内国株式）,建設業,TOPIX Small 1
1835.T,1835,東鉄工業,Stock,プライム（内国株式）,建設業,TOPIX Small 1
1852.T,1852,淺沼組,Stock,プライム（内国株式）,建設業,TOPIX Small 1
1860.T,1860,戸田建設,Stock,プライム（内国株式）,建設業,TOPIX Mid400
1861.T,1861,熊谷組,Stock,プライム（内国株式）,建設業,TOPIX Small 1
1870.T,1870,矢作建設工業,Stock,プライム（内国株式）,建設業,TOPIX Small 1
1871.T,1871,ピーエス・コンストラクション,Stock,プライム（内国株式）,建設業,TOPIX Small 2
1873.T,1873,日本ハウスホールディングス,Stock,プライム（内国株式）,建設業,TOPIX Small 2
1878.T,1878,大東建託,Stock,プライム（内国株式）,不動産業,TOPIX Mid400
1879.T,1879,新日本建設,Stock,プライム（内国株式）,建設業,TOPIX Small 2
1882.T,1882,東亜道路工業,Stock,プライム（内国株式）,建設業,TOPIX Small 1
1885.T,1885,東亜建設工業,Stock,プライム（内国株式）,建設業,TOPIX Small 1
1887.T,1887,日本国土開発,Stock,プライム（内国株式）,建設業,TOPIX Small 2
1888.T,1888,若築建設,Stock,プライム（内国株式）,建設業,TOPIX Small 2
1893.T,1893,五洋建設,Stock,プライム（内国株式）,建設業,TOPIX Mid400
1898.T,1898,世紀東急工業,Stock,プライム（内国株式）,建設業,TOPIX Small 1
1899.T,1899,福田組,Stock,プライム（内国株式）,建設業,TOPIX Small 2
1911.T,1911,住友林業,Stock,プライム（内国株式）,建設業,TOPIX Mid400
1925.T,1925,大和ハウス工業,Stock,プライム（内国株式）,建設業,TOPIX Large70
1926.T,1926,ライト工業,Stock,プライム（内国株式）,建設業,TOPIX Small 1
1928.T,1928,積水ハウス,Stock,プライム（内国株式）,建設業,TOPIX Large70
1929.T,1929,日特建設,Stock,プライム（内国株式）,建設業,TOPIX Small 2
1930.T,1930,北陸電気工事,Stock,プライム（内国株式）,建設業,TOPIX Small 2
1934.T,1934,ユアテック,Stock,プライム（内国株式）,建設業,TOPIX Small 1
1938.T,1938,日本リーテック,Stock,プライム（内国株式）,建設業,TOPIX Small 2
1939.T,1939,四電工,Stock,プライム（内国株式）,建設業,TOPIX Small 2
1941.T,1941,中電工,Stock,プライム（内国株式）,建設業,TOPIX Small 1
1942.T,1942,関電工,Stock,プライム（内国株式）,建設業,TOPIX Mid400
1944.T,1944,きんでん,Stock,プライム（内国株式）,建設業,TOPIX Mid400
1945.T,1945,東京エネシス,Stock,プライム（内国株式）,建設業,TOPIX Small 2
1946.T,1946,トーエネック,Stock,プライム（内国株式）,建設業,TOPIX Small 2
1949.T,1949,住友電設,Stock,プライム（内国株式）,建設業,TOPIX Small 1
1950.T,1950,日本電設工業,Stock,プライム（内国株式）,建設業,TOPIX Small 1
1951.T,1951,エクシオグループ,Stock,プライム（内国株式）,建設業,TOPIX Mid400
1952.T,1952,新日本空調,Stock,プライム（内国株式）,建設業,TOPIX Small 1
1959.T,1959,クラフティア,Stock,プライム（内国株式）,建設業,TOPIX Mid400
1961.T,1961,三機工業,Stock,プライム（内国株式）,建設業,TOPIX Small 1
1963.T,1963,日揮ホールディングス,Stock,プライム（内国株式）,建設業,TOPIX Mid400
1964.T,1964,中外炉工業,Stock,プライム（内国株式）,建設業,TOPIX Small 2
1968.T,1968,太平電業,Stock,プライム（内国株式）,建設業,TOPIX Small 1
1969.T,1969,高砂熱学工業,Stock,プライム（内国株式）,建設業,TOPIX Mid400
1975.T,1975,朝日工業社,Stock,プライム（内国株式）,建設業,TOPIX Small 1
1976.T,1976,明星工業,Stock,プライム（内国株式）,建設業,TOPIX Small 2
1979.T,1979,大氣社,Stock,プライム（内国株式）,建設業,TOPIX Small 1
1980.T,1980,ダイダン,Stock,プライム（内国株式）,建設業,TOPIX Small 1
1982.T,1982,日比谷総合設備,Stock,プライム（内国株式）,建設業,TOPIX Small 2
2001.T,2001,ニップン,Stock,プライム（内国株式）,食料品,TOPIX Small 1
2002.T,2002,日清製粉グループ本社,Stock,プライム（内国株式）,食料品,TOPIX Mid400
2003.T,2003,日東富士製粉,Stock,スタンダード（内国株式）,食料品,TOPIX Small 2
2004.T,2004,昭和産業,Stock,プライム（内国株式）,食料品,TOPIX Small 2
2053.T,2053,中部飼料,Stock,プライム（内国株式）,食料品,TOPIX Small 2
2060.T,2060,フィード・ワン,Stock,プライム（内国株式）,食料品,TOPIX Small 2
2108.T,2108,日本甜菜製糖,Stock,プライム（内国株式）,食料品,TOPIX Small 2
2109.T,2109,ＤＭ三井製糖,Stock,プライム（内国株式）,食料品,TOPIX Small 1
2117.T,2117,ウェルネオシュガー,Stock,プライム（内国株式）,食料品,TOPIX Small 2
2120.T,2120,ＬＩＦＵＬＬ,Stock,プライム（内国株式）,サービス業,TOPIX Small 2
2121.T,2121,ＭＩＸＩ,Stock,プライム（内国株式）,情報・通信業,TOPIX Small 1
2124.T,2124,ジェイエイシーリクルートメント,Stock,プライム（内国株式）,サービス業,TOPIX Small 1
2127.T,2127,日本Ｍ＆Ａセンターホールディングス,Stock,プライム（内国株式）,サービス業,TOPIX Mid400
212A.T,212A,フィットイージー,Stock,プライム（内国株式）,サービス業,TOPIX Small 2
2130.T,2130,メンバーズ,Stock,プライム（内国株式）,サービス業,TOPIX Small 2
2146.T,2146,ＵＴグループ,Stock,プライム（内国株式）,サービス業,TOPIX Small 1
2148.T,2148,アイティメディア,Stock,プライム（内国株式）,サービス業,TOPIX Small 2
2153.T,2153,Ｅ・Ｊホールディングス,Stock,プライム（内国株式）,サービス業,TOPIX Small 2
2154.T,2154,オープンアップグループ,Stock,プライム（内国株式）,サービス業,TOPIX Small 1
2157.T,2157,コシダカホールディングス,Stock,プライム（内国株式）,サービス業,TOPIX Small 1
2168.T,2168,パソナグループ,Stock,プライム（内国株式）,サービス業,TOPIX Small 1
2170.T,2170,リンクアンドモチベーション,Stock,プライム（内国株式）,サービス業,TOPIX Small 2
2175.T,2175,エス・エム・エス,Stock,プライム（内国株式）,サービス業,TOPIX Small 1
2181.T,2181,パーソルホールディングス,Stock,プライム（内国株式）,サービス業,TOPIX Mid400
2193.T,2193,クックパッド,Stock,スタンダード（内国株式）,サービス業,TOPIX Small 2
2201.T,2201,森永製菓,Stock,プライム（内国株式）,食料品,TOPIX Mid400
2204.T,2204,中村屋,Stock,スタンダード（内国株式）,食料品,TOPIX Small 2
2206.T,2206,江崎グリコ,Stock,プライム（内国株式）,食料品,TOPIX Mid400
2207.T,2207,ｍｅｉｔｏ,Stock,プライム（内国株式）,食料品,TOPIX Small 2
2209.T,2209,井村屋グループ,Stock,プライム（内国株式）,食料品,TOPIX Small 2
2211.T,2211,不二家,Stock,プライム（内国株式）,食料品,TOPIX Small 2
2212.T,2212,山崎製パン,Stock,プライム（内国株式）,食料品,TOPIX Mid400
2217.T,2217,モロゾフ,Stock,プライム（内国株式）,食料品,TOPIX Small 2
2220.T,2220,亀田製菓,Stock,プライム（内国株式）,食料品,TOPIX Small 1
2222.T,2222,寿スピリッツ,Stock,プライム（内国株式）,食料品,TOPIX Mid400
2229.T,2229,カルビー,Stock,プライム（内国株式）,食料品,TOPIX Mid400
2264.T,2264,森永乳業,Stock,プライム（内国株式）,食料品,TOPIX Mid400
2266.T,2266,六甲バター,Stock,プライム（内国株式）,食料品,TOPIX Small 2
2267.T,2267,ヤクルト本社,Stock,プライム（内国株式）,食料品,TOPIX Mid400
2269.T,2269,明治ホールディングス,Stock,プライム（内国株式）,食料品,TOPIX Mid400
2270.T,2270,雪印メグミルク,Stock,プライム（内国株式）,食料品,TOPIX Small 1
2281.T,2281,プリマハム,Stock,プライム（内国株式）,食料品,TOPIX Small 1
2282.T,2282,日本ハム,Stock,プライム（内国株式）,食料品,TOPIX Mid400
2288.T,2288,丸大食品,Stock,プライム（内国株式）,食料品,TOPIX Small 2
2292.T,2292,Ｓ　Ｆｏｏｄｓ,Stock,プライム（内国株式）,食料品,TOPIX Small 1
2294.T,2294,柿安本店,Stock,プライム（内国株式）,食料品,TOPIX Small 2
2296.T,2296,伊藤ハム米久ホールディングス,Stock,プライム（内国株式）,食料品,TOPIX Small 1
2301.T,2301,学情,Stock,プライム（内国株式）,サービス業,TOPIX Small 2
2305.T,2305,スタジオアリス,Stock,スタンダード（内国株式）,サービス業,TOPIX Small 2
2307.T,2307,クロスキャット,Stock,プライム（内国株式）,情報・通信業,TOPIX Small 2
2317.T,2317,システナ,Stock,プライム（内国株式）,情報・通信業,TOPIX Small 1
2325.T,2325,ＮＪＳ,Stock,プライム（内国株式）,サービス業,TOPIX Small 2
2326.T,2326,デジタルアーツ,Stock,プライム（内国株式）,情報・通信業,TOPIX Small 1
2327.T,2327,日鉄ソリューションズ,Stock,プライム（内国株式）,情報・通信業,TOPIX Mid400
2331.T,2331,ＡＬＳＯＫ,Stock,プライム（内国株式）,サービス業,TOPIX Mid400
2335.T,2335,キューブシステム,Stock,プライム（内国株式）,情報・通信業,TOPIX Small 2
2337.T,2337,いちご,Stock,プライム（内国株式）,不動産業,TOPIX Small 1
2353.T,2353,日本駐車場開発,Stock,プライム（内国株式）,不動産業,TOPIX Small 1
2359.T,2359,コア,Stock,プライム（内国株式）,情報・通信業,TOPIX Small 2
2371.T,2371,カカクコム,Stock,プライム（内国株式）,サービス業,TOPIX Mid400
2374.T,2374,セントケア・ホールディング,Stock,プライム（内国株式）,サービス業,TOPIX Small 2
2378.T,2378,ルネサンス,Stock,プライム（内国株式）,サービス業,TOPIX Small 2
2379.T,2379,ディップ,Stock,プライム（内国株式）,サービス業,TOPIX Small 1
2384.T,2384,ＳＢＳホールディングス,Stock,プライム（内国株式）,陸運業,TOPIX Small 1
2389.T,2389,デジタルホールディングス,Stock,プライム（内国株式）,サービス業,TOPIX Small 2
2395.T,2395,新日本科学,Stock,プライム（内国株式）,サービス業,TOPIX Small 2
2413.T,2413,エムスリー,Stock,プライム（内国株式）,サービス業,TOPIX Mid400
2429.T,2429,ワールドホールディングス,Stock,プライム（内国株式）,サービス業,TOPIX Small 2
2432.T,2432,ディー・エヌ・エー,Stock,プライム（内国株式）,情報・通信業,TOPIX Mid400
2433.T,2433,博報堂ＤＹホールディングス,Stock,プライム（内国株式）,サービス業,TOPIX Mid400
2440.T,2440,ぐるなび,Stock,スタンダード（内国株式）,サービス業,TOPIX Small 2
2445.T,2445,タカミヤ,Stock,プライム（内国株式）,サービス業,TOPIX Small 2
2461.T,2461,ファンコミュニケーションズ,Stock,プライム（内国株式）,サービス業,TOPIX Small 2
2462.T,2462,ライク,Stock,プライム（内国株式）,サービス業,TOPIX Small 2
2471.T,2471,エスプール,Stock,プライム（内国株式）,サービス業,TOPIX Small 2
2475.T,2475,ＷＤＢホールディングス,Stock,プライム（内国株式）,サービス業,TOPIX Small 2
2477.T,2477,手間いらず,Stock,スタンダード（内国株式）,情報・通信業,TOPIX Small 2
2489.T,2489,アドウェイズ,Stock,スタンダード（内国株式）,サービス業,TOPIX Small 2
2491.T,2491,バリューコマース,Stock,プライム（内国株式）,サービス業,TOPIX Small 2
2492.T,2492,インフォマート,Stock,プライム（内国株式）,サービス業,TOPIX Small 1
2501.T,2501,サッポロホールディングス,Stock,プライム（内国株式）,食料品,TOPIX Mid400
2502.T,2502,アサヒグループホールディングス,Stock,プライム（内国株式）,食料品,TOPIX Large70
2503.T,2503,キリンホールディングス,Stock,プライム（内国株式）,食料品,TOPIX Large70
250A.T,250A,シマダヤ,Stock,スタンダード（内国株式）,食料品,TOPIX Small 2
2531.T,2531,宝ホールディングス,Stock,プライム（内国株式）,食料品,TOPIX Mid400
2533.T,2533,オエノンホールディングス,Stock,プライム（内国株式）,食料品,TOPIX Small 2
2540.T,2540,養命酒製造,Stock,プライム（内国株式）,食料品,TOPIX Small 2
256A.T,256A,飛島ホールディングス,Stock,プライム（内国株式）,建設業,TOPIX Small 2
2579.T,2579,コカ・コーラ　ボトラーズジャパンホールディングス,Stock,プライム（内国株式）,食料品,TOPIX Mid400
2585.T,2585,ライフドリンク　カンパニー,Stock,プライム（内国株式）,食料品,TOPIX Small 1
2587.T,2587,サントリー食品インターナショナル,Stock,プライム（内国株式）,食料品,TOPIX Mid400
2590.T,2590,ダイドーグループホールディングス,Stock,プライム（内国株式）,食料品,TOPIX Small 1
2593.T,2593,伊藤園,Stock,プライム（内国株式）,食料品,TOPIX Mid400
2594.T,2594,キーコーヒー,Stock,プライム（内国株式）,食料品,TOPIX Small 2
2602.T,2602,日清オイリオグループ,Stock,プライム（内国株式）,食料品,TOPIX Small 1
2607.T,2607,不二製油,Stock,プライム（内国株式）,食料品,TOPIX Mid400
2613.T,2613,Ｊ－オイルミルズ,Stock,プライム（内国株式）,食料品,TOPIX Small 2
262A.T,262A,インターメスティック,Stock,プライム（内国株式）,小売業,TOPIX Small 2
2659.T,2659,サンエー,Stock,プライム（内国株式）,小売業,TOPIX Small 1
2664.T,2664,カワチ薬品,Stock,プライム（内国株式）,小売業,TOPIX Small 1
2670.T,2670,エービーシー・マート,Stock,プライム（内国株式）,小売業,TOPIX Mid400
2674.T,2674,ハードオフコーポレーション,Stock,プライム（内国株式）,小売業,TOPIX Small 2
2676.T,2676,高千穂交易,Stock,プライム（内国株式）,卸売業,TOPIX Small 2
2678.T,2678,アスクル,Stock,プライム（内国株式）,小売業,TOPIX Small 1
2681.T,2681,ゲオホールディングス,Stock,プライム（内国株式）,小売業,TOPIX Small 1
2685.T,2685,アンドエスティＨＤ,Stock,プライム（内国株式）,小売業,TOPIX Small 1
268A.T,268A,リガク・ホールディングス,Stock,プライム（内国株式）,精密機器,TOPIX Small 1
2692.T,2692,伊藤忠食品,Stock,プライム（内国株式）,卸売業,TOPIX Small 2
2695.T,2695,くら寿司,Stock,プライム（内国株式）,小売業,TOPIX Small 1
2698.T,2698,キャンドゥ,Stock,スタンダード（内国株式）,小売業,TOPIX Small 2
2726.T,2726,パルグループホールディングス,Stock,プライム（内国株式）,小売業,TOPIX Small 1
2730.T,2730,エディオン,Stock,プライム（内国株式）,小売業,TOPIX Small 1
2733.T,2733,あらた,Stock,プライム（内国株式）,卸売業,TOPIX Small 1
2734.T,2734,サーラコーポレーション,Stock,プライム（内国株式）,小売業,TOPIX Small 2
2737.T,2737,トーメンデバイス,Stock,プライム（内国株式）,卸売業,TOPIX Small 2
2742.T,2742,ハローズ,Stock,プライム（内国株式）,小売業,TOPIX Small 2
2749.T,2749,ＪＰホールディングス,Stock,プライム（内国株式）,サービス業,TOPIX Small 1
2752.T,2752,フジオフードグループ本社,Stock,プライム（内国株式）,小売業,TOPIX Small 1
2753.T,2753,あみやき亭,Stock,プライム（内国株式）,小売業,TOPIX Small 2
2760.T,2760,東京エレクトロン　デバイス,Stock,プライム（内国株式）,卸売業,TOPIX Small 1
2767.T,2767,円谷フィールズホールディングス,Stock,プライム（内国株式）,卸売業,TOPIX Small 1
2768.T,2768,双日,Stock,プライム（内国株式）,卸売業,TOPIX Mid400
2784.T,2784,アルフレッサ　ホールディングス,Stock,プライム（内国株式）,卸売業,TOPIX Mid400
2791.T,2791,大黒天物産,Stock,プライム（内国株式）,小売業,TOPIX Small 1
2792.T,2792,ハニーズホールディングス,Stock,プライム（内国株式）,小売業,TOPIX Small 2
2801.T,2801,キッコーマン,Stock,プライム（内国株式）,食料品,TOPIX Mid400
2802.T,2802,味の素,Stock,プライム（内国株式）,食料品,TOPIX Large70
2804.T,2804,ブルドックソース,Stock,プライム（内国株式）,食料品,TOPIX Small 2
2809.T,2809,キユーピー,Stock,プライム（内国株式）,食料品,TOPIX Mid400
2810.T,2810,ハウス食品グループ本社,Stock,プライム（内国株式）,食料品,TOPIX Mid400
2811.T,2811,カゴメ,Stock,プライム（内国株式）,食料品,TOPIX Mid400
2815.T,2815,アリアケジャパン,Stock,プライム（内国株式）,食料品,TOPIX Small 1
2819.T,2819,エバラ食品工業,Stock,スタンダード（内国株式）,食料品,TOPIX Small 2
285A.T,285A,キオクシアホールディングス,Stock,プライム（内国株式）,電気機器,TOPIX Mid400
2871.T,2871,ニチレイ,Stock,プライム（内国株式）,食料品,TOPIX Mid400
2874.T,2874,横浜冷凍,Stock,プライム（内国株式）,卸売業,TOPIX Small 1
2875.T,2875,東洋水産,Stock,プライム（内国株式）,食料品,TOPIX Mid400
2882.T,2882,イートアンドホールディングス,Stock,プライム（内国株式）,食料品,TOPIX Small 2
2884.T,2884,ヨシムラ・フード・ホールディングス,Stock,プライム（内国株式）,食料品,TOPIX Small 2
2897.T,2897,日清食品ホールディングス,Stock,プライム（内国株式）,食料品,TOPIX Mid400
2908.T,2908,フジッコ,Stock,プライム（内国株式）,食料品,TOPIX Small 2
2910.T,2910,ロック・フィールド,Stock,プライム（内国株式）,食料品,TOPIX Small 2
2914.T,2914,日本たばこ産業,Stock,プライム（内国株式）,食料品,TOPIX Core30
2915.T,2915,ケンコーマヨネーズ,Stock,プライム（内国株式）,食料品,TOPIX Small 2
2918.T,2918,わらべや日洋ホールディングス,Stock,プライム（内国株式）,食料品,TOPIX Small 1
2922.T,2922,なとり,Stock,プライム（内国株式）,食料品,TOPIX Small 2
2929.T,2929,ファーマフーズ,Stock,プライム（内国株式）,食料品,TOPIX Small 2
2930.T,2930,北の達人コーポレーション,Stock,プライム（内国株式）,化学,TOPIX Small 2
2931.T,2931,ユーグレナ,Stock,プライム（内国株式）,食料品,TOPIX Small 1
2933.T,2933,紀文食品,Stock,プライム（内国株式）,食料品,TOPIX Small 2
2935.T,2935,ピックルスホールディングス,Stock,プライム（内国株式）,食料品,TOPIX Small 2
2975.T,2975,スター・マイカ・ホールディングス,Stock,プライム（内国株式）,不動産業,TOPIX Small 2
2980.T,2980,ＳＲＥホールディングス,Stock,プライム（内国株式）,不動産業,TOPIX Small 2
3001.T,3001,片倉工業,Stock,スタンダード（内国株式）,繊維製品,TOPIX Small 2
3002.T,3002,グンゼ,Stock,プライム（内国株式）,繊維製品,TOPIX Small 1
3003.T,3003,ヒューリック,Stock,プライム（内国株式）,不動産業,TOPIX Mid400
3023.T,3023,ラサ商事,Stock,スタンダード（内国株式）,卸売業,TOPIX Small 2
3028.T,3028,アルペン,Stock,プライム（内国株式）,小売業,TOPIX Small 1
3031.T,3031,ラクーンホールディングス,Stock,プライム（内国株式）,情報・通信業,TOPIX Small 2
3034.T,3034,クオールホールディングス,Stock,プライム（内国株式）,小売業,TOPIX Small 1
3036.T,3036,アルコニックス,Stock,プライム（内国株式）,卸売業,TOPIX Small 1
3038.T,3038,神戸物産,Stock,プライム（内国株式）,卸売業,TOPIX Mid400
3040.T,3040,ソリトンシステムズ,Stock,プライム（内国株式）,情報・通信業,TOPIX Small 2
3046.T,3046,ジンズホールディングス,Stock,プライム（内国株式）,小売業,TOPIX Small 1
3048.T,3048,ビックカメラ,Stock,プライム（内国株式）,小売業,TOPIX Mid400
3050.T,3050,ＤＣＭホールディングス,Stock,プライム（内国株式）,小売業,TOPIX Small 1
3053.T,3053,ペッパーフードサービス,Stock,スタンダード（内国株式）,小売業,TOPIX Small 2
3064.T,3064,ＭｏｎｏｔａＲＯ,Stock,プライム（内国株式）,小売業,TOPIX Mid400
3076.T,3076,あい　ホールディングス,Stock,プライム（内国株式）,卸売業,TOPIX Small 1
3086.T,3086,Ｊ．フロント　リテイリング,Stock,プライム（内国株式）,小売業,TOPIX Mid400
3087.T,3087,ドトール・日レスホールディングス,Stock,プライム（内国株式）,小売業,TOPIX Small 1
3088.T,3088,マツキヨココカラ＆カンパニー,Stock,プライム（内国株式）,小売業,TOPIX Mid400
3091.T,3091,ブロンコビリー,Stock,プライム（内国株式）,小売業,TOPIX Small 1
3092.T,3092,ＺＯＺＯ,Stock,プライム（内国株式）,小売業,TOPIX Mid400
3093.T,3093,トレジャー・ファクトリー,Stock,プライム（内国株式）,小売業,TOPIX Small 2
3097.T,3097,物語コーポレーション,Stock,プライム（内国株式）,小売業,TOPIX Small 1
3099.T,3099,三越伊勢丹ホールディングス,Stock,プライム（内国株式）,小売業,TOPIX Mid400
3101.T,3101,東洋紡,Stock,プライム（内国株式）,化学,TOPIX Small 1
3103.T,3103,ユニチカ,Stock,プライム（内国株式）,繊維製品,TOPIX Small 2
3104.T,3104,富士紡ホールディングス,Stock,プライム（内国株式）,繊維製品,TOPIX Small 2
3105.T,3105,日清紡ホールディングス,Stock,プライム（内国株式）,電気機器,TOPIX Mid400
3106.T,3106,倉敷紡績,Stock,プライム（内国株式）,繊維製品,TOPIX Small 1
3107.T,3107,ダイワボウホールディングス,Stock,プライム（内国株式）,卸売業,TOPIX Mid400
3109.T,3109,シキボウ,Stock,プライム（内国株式）,繊維製品,TOPIX Small 2
3110.T,3110,日東紡績,Stock,プライム（内国株式）,ガラス・土石製品,TOPIX Small 1
3116.T,3116,トヨタ紡織,Stock,プライム（内国株式）,輸送用機器,TOPIX Mid400
3132.T,3132,マクニカホールディングス,Stock,プライム（内国株式）,卸売業,TOPIX Mid400
3134.T,3134,Ｈａｍｅｅ,Stock,スタンダード（内国株式）,小売業,TOPIX Small 2
3139.T,3139,ラクト・ジャパン,Stock,プライム（内国株式）,卸売業,TOPIX Small 2
3148.T,3148,クリエイトＳＤホールディングス,Stock,プライム（内国株式）,小売業,TOPIX Small 1
3150.T,3150,グリムス,Stock,プライム（内国株式）,電気・ガス業,TOPIX Small 2
3151.T,3151,バイタルケーエスケー・ホールディングス,Stock,プライム（内国株式）,卸売業,TOPIX Small 2
3153.T,3153,八洲電機,Stock,プライム（内国株式）,卸売業,TOPIX Small 2
3154.T,3154,メディアスホールディングス,Stock,プライム（内国株式）,卸売業,TOPIX Small 2
3156.T,3156,レスター,Stock,プライム（内国株式）,卸売業,TOPIX Small 2
3167.T,3167,ＴＯＫＡＩホールディングス,Stock,プライム（内国株式）,卸売業,TOPIX Small 1
3176.T,3176,三洋貿易,Stock,プライム（内国株式）,卸売業,TOPIX Small 2
3179.T,3179,シュッピン,Stock,プライム（内国株式）,小売業,TOPIX Small 2
3180.T,3180,ビューティガレージ,Stock,プライム（内国株式）,卸売業,TOPIX Small 2
3182.T,3182,オイシックス・ラ・大地,Stock,プライム（内国株式）,小売業,TOPIX Small 1
3183.T,3183,ウイン・パートナーズ,Stock,プライム（内国株式）,卸売業,TOPIX Small 2
3186.T,3186,ネクステージ,Stock,プライム（内国株式）,小売業,TOPIX Small 1
3191.T,3191,ジョイフル本田,Stock,プライム（内国株式）,小売業,TOPIX Small 1
3193.T,3193,エターナルホスピタリティグループ,Stock,プライム（内国株式）,小売業,TOPIX Small 2
3196.T,3196,ホットランドホールディングス,Stock,プライム（内国株式）,小売業,TOPIX Small 2
3197.T,3197,すかいらーくホールディングス,Stock,プライム（内国株式）,小売業,TOPIX Mid400
3198.T,3198,ＳＦＰホールディングス,Stock,プライム（内国株式）,小売業,TOPIX Small 2
3199.T,3199,綿半ホールディングス,Stock,プライム（内国株式）,小売業,TOPIX Small 2
3201.T,3201,日本毛織,Stock,プライム（内国株式）,繊維製品,TOPIX Small 1
3221.T,3221,ヨシックスホールディングス,Stock,プライム（内国株式）,小売業,TOPIX Small 2
3222.T,3222,ユナイテッド・スーパーマーケット・ホールディングス,Stock,スタンダード（内国株式）,小売業,TOPIX Small 1
3231.T,3231,野村不動産ホールディングス,Stock,プライム（内国株式）,不動産業,TOPIX Mid400
3232.T,3232,三重交通グループホールディングス,Stock,プライム（内国株式）,不動産業,TOPIX Small 2
3245.T,3245,ディア・ライフ,Stock,プライム（内国株式）,不動産業,TOPIX Small 2
3252.T,3252,地主,Stock,プライム（内国株式）,不動産業,TOPIX Small 2
3267.T,3267,フィル・カンパニー,Stock,スタンダード（内国株式）,建設業,TOPIX Small 2
3276.T,3276,ＪＰＭＣ,Stock,プライム（内国株式）,不動産業,TOPIX Small 2
3284.T,3284,フージャースホールディングス,Stock,プライム（内国株式）,不動産業,TOPIX Small 2
3288.T,3288,オープンハウスグループ,Stock,プライム（内国株式）,不動産業,TOPIX Mid400
3289.T,3289,東急不動産ホールディングス,Stock,プライム（内国株式）,不動産業,TOPIX Mid400
3291.T,3291,飯田グループホールディングス,Stock,プライム（内国株式）,不動産業,TOPIX Mid400
3302.T,3302,帝国繊維,Stock,プライム（内国株式）,繊維製品,TOPIX Small 2
3315.T,3315,日本コークス工業,Stock,プライム（内国株式）,石油・石炭製品,TOPIX Small 2
3333.T,3333,あさひ,Stock,プライム（内国株式）,小売業,TOPIX Small 2
3349.T,3349,コスモス薬品,Stock,プライム（内国株式）,小売業,TOPIX Mid400
3360.T,3360,シップヘルスケアホールディングス,Stock,プライム（内国株式）,卸売業,TOPIX Mid400
3371.T,3371,ソフトクリエイトホールディングス,Stock,プライム（内国株式）,情報・通信業,TOPIX Small 2
3382.T,3382,セブン＆アイ・ホールディングス,Stock,プライム（内国株式）,小売業,TOPIX Core30
3387.T,3387,クリエイト・レストランツ・ホールディングス,Stock,プライム（内国株式）,小売業,TOPIX Small 1
3388.T,3388,明治電機工業,Stock,プライム（内国株式）,卸売業,TOPIX Small 2
3391.T,3391,ツルハホールディングス,Stock,プライム（内国株式）,小売業,TOPIX Mid400
3395.T,3395,サンマルクホールディングス,Stock,プライム（内国株式）,小売業,TOPIX Small 1
3397.T,3397,トリドールホールディングス,Stock,プライム（内国株式）,小売業,TOPIX Mid400
3401.T,3401,帝人,Stock,プライム（内国株式）,繊維製品,TOPIX Mid400
3402.T,3402,東レ,Stock,プライム（内国株式）,繊維製品,TOPIX Mid400
3405.T,3405,クラレ,Stock,プライム（内国株式）,化学,TOPIX Mid400
3407.T,3407,旭化成,Stock,プライム（内国株式）,化学,TOPIX Large70
3415.T,3415,ＴＯＫＹＯ　ＢＡＳＥ,Stock,プライム（内国株式）,小売業,TOPIX Small 2
3421.T,3421,稲葉製作所,Stock,スタンダード（内国株式）,金属製品,TOPIX Small 2
3431.T,3431,宮地エンジニアリンググループ,Stock,プライム（内国株式）,金属製品,TOPIX Small 1
3433.T,3433,トーカロ,Stock,プライム（内国株式）,金属製品,TOPIX Small 1
3436.T,3436,ＳＵＭＣＯ,Stock,プライム（内国株式）,金属製品,TOPIX Mid400
3443.T,3443,川田テクノロジーズ,Stock,プライム（内国株式）,金属製品,TOPIX Small 2
3445.T,3445,ＲＳ　Ｔｅｃｈｎｏｌｏｇｉｅｓ,Stock,プライム（内国株式）,金属製品,TOPIX Small 1
3457.T,3457,Ａｎｄ　Ｄｏホールディングス,Stock,プライム（内国株式）,不動産業,TOPIX Small 2
3465.T,3465,ケイアイスター不動産,Stock,プライム（内国株式）,不動産業,TOPIX Small 1
3475.T,3475,グッドコムアセット,Stock,プライム（内国株式）,不動産業,TOPIX Small 2
3480.T,3480,ジェイ・エス・ビー,Stock,プライム（内国株式）,不動産業,TOPIX Small 2
3482.T,3482,ロードスターキャピタル,Stock,プライム（内国株式）,不動産業,TOPIX Small 2
3496.T,3496,アズーム,Stock,プライム（内国株式）,不動産業,TOPIX Small 2
3498.T,3498,霞ヶ関キャピタル,Stock,プライム（内国株式）,不動産業,TOPIX Small 1
3539.T,3539,ＪＭホールディングス,Stock,プライム（内国株式）,小売業,TOPIX Small 2
3543.T,3543,コメダホールディングス,Stock,プライム（内国株式）,卸売業,TOPIX Small 1
3546.T,3546,アレンザホールディングス,Stock,プライム（内国株式）,小売業,TOPIX Small 2
3547.T,3547,串カツ田中ホールディングス,Stock,スタンダード（内国株式）,小売業,TOPIX Small 2
3548.T,3548,バロックジャパンリミテッド,Stock,プライム（内国株式）,小売業,TOPIX Small 2
3549.T,3549,クスリのアオキホールディングス,Stock,プライム（内国株式）,小売業,TOPIX Mid400
3561.T,3561,力の源ホールディングス,Stock,プライム（内国株式）,小売業,TOPIX Small 2
3563.T,3563,ＦＯＯＤ　＆　ＬＩＦＥ　ＣＯＭＰＡＮＩＥＳ,Stock,プライム（内国株式）,小売業,TOPIX Mid400
3565.T,3565,アセンテック,Stock,スタンダード（内国株式）,卸売業,TOPIX Small 2
3569.T,3569,セーレン,Stock,プライム（内国株式）,繊維製品,TOPIX Small 1
3580.T,3580,小松マテーレ,Stock,プライム（内国株式）,繊維製品,TOPIX Small 2
3591.T,3591,ワコールホールディングス,Stock,プライム（内国株式）,繊維製品,TOPIX Mid400
3593.T,3593,ホギメディカル,Stock,プライム（内国株式）,繊維製品,TOPIX Small 1
3608.T,3608,ＴＳＩホールディングス,Stock,プライム（内国株式）,繊維製品,TOPIX Small 1
3612.T,3612,ワールド,Stock,プライム（内国株式）,繊維製品,TOPIX Small 1
3626.T,3626,ＴＩＳ,Stock,プライム（内国株式）,情報・通信業,TOPIX Mid400
3632.T,3632,グリーホールディングス,Stock,プライム（内国株式）,情報・通信業,TOPIX Small 2
3633.T,3633,ＧＭＯペパボ,Stock,スタンダード（内国株式）,情報・通信業,TOPIX Small 2
3635.T,3635,コーエーテクモホールディングス,Stock,プライム（内国株式）,情報・通信業,TOPIX Mid400
3636.T,3636,三菱総合研究所,Stock,プライム（内国株式）,情報・通信業,TOPIX Small 1
3649.T,3649,ファインデックス,Stock,プライム（内国株式）,情報・通信業,TOPIX Small 2
3655.T,3655,ブレインパッド,Stock,プライム（内国株式）,情報・通信業,TOPIX Small 2
3656.T,3656,ＫＬａｂ,Stock,プライム（内国株式）,情報・通信業,TOPIX Small 2
3657.T,3657,ポールトゥウィンホールディングス,Stock,プライム（内国株式）,情報・通信業,TOPIX Small 2
3659.T,3659,ネクソン,Stock,プライム（内国株式）,情報・通信業,TOPIX Mid400
3660.T,3660,アイスタイル,Stock,プライム（内国株式）,情報・通信業,TOPIX Small 1
3661.T,3661,エムアップホールディングス,Stock,プライム（内国株式）,情報・通信業,TOPIX Small 1
3662.T,3662,エイチームホールディングス,Stock,プライム（内国株式）,情報・通信業,TOPIX Small 2
3663.T,3663,セルシス,Stock,プライム（内国株式）,情報・通信業,TOPIX Small 2
3665.T,3665,エニグモ,Stock,プライム（内国株式）,情報・通信業,TOPIX Small 2
3668.T,3668,コロプラ,Stock,プライム（内国株式）,情報・通信業,TOPIX Small 1
3673.T,3673,ブロードリーフ,Stock,プライム（内国株式）,情報・通信業,TOPIX Small 1
3676.T,3676,デジタルハーツホールディングス,Stock,プライム（内国株式）,情報・通信業,TOPIX Small 2
3678.T,3678,メディアドゥ,Stock,プライム（内国株式）,情報・通信業,TOPIX Small 2
3679.T,3679,じげん,Stock,プライム（内国株式）,情報・通信業,TOPIX Small 2
3681.T,3681,ブイキューブ,Stock,プライム（内国株式）,情報・通信業,TOPIX Small 2
3687.T,3687,フィックスターズ,Stock,プライム（内国株式）,情報・通信業,TOPIX Small 2
368A.T,368A,北里コーポレーション,Stock,プライム（内国株式）,精密機器,TOPIX Small 2
3694.T,3694,オプティム,Stock,プライム（内国株式）,情報・通信業,TOPIX Small 2
3696.T,3696,セレス,Stock,プライム（内国株式）,情報・通信業,TOPIX Small 2
3697.T,3697,ＳＨＩＦＴ,Stock,プライム（内国株式）,情報・通信業,TOPIX Mid400
3708.T,3708,特種東海製紙,Stock,プライム（内国株式）,パルプ・紙,TOPIX Small 2
3741.T,3741,セック,Stock,プライム（内国株式）,情報・通信業,TOPIX Small 2
3762.T,3762,テクマトリックス,Stock,プライム（内国株式）,情報・通信業,TOPIX Small 1
3763.T,3763,プロシップ,Stock,プライム（内国株式）,情報・通信業,TOPIX Small 2
3765.T,3765,ガンホー・オンライン・エンターテイメント,Stock,プライム（内国株式）,情報・通信業,TOPIX Small 1
3769.T,3769,ＧＭＯペイメントゲートウェイ,Stock,プライム（内国株式）,情報・通信業,TOPIX Mid400
3771.T,3771,システムリサーチ,Stock,プライム（内国株式）,情報・通信業,TOPIX Small 2
3774.T,3774,インターネットイニシアティブ,Stock,プライム（内国株式）,情報・通信業,TOPIX Mid400
3778.T,3778,さくらインターネット,Stock,プライム（内国株式）,情報・通信業,TOPIX Small 1
3788.T,3788,ＧＭＯグローバルサイン・ホールディングス,Stock,プライム（内国株式）,情報・通信業,TOPIX Small 2
3817.T,3817,ＳＲＡホールディングス,Stock,プライム（内国株式）,情報・通信業,TOPIX Small 2
3834.T,3834,朝日ネット,Stock,プライム（内国株式）,情報・通信業,TOPIX Small 2
3835.T,3835,ｅＢＡＳＥ,Stock,プライム（内国株式）,情報・通信業,TOPIX Small 2
3836.T,3836,アバントグループ,Stock,プライム（内国株式）,情報・通信業,TOPIX Small 2
3837.T,3837,アドソル日進,Stock,プライム（内国株式）,情報・通信業,TOPIX Small 2
3843.T,3843,フリービット,Stock,プライム（内国株式）,情報・通信業,TOPIX Small 2
3844.T,3844,コムチュア,Stock,プライム（内国株式）,情報・通信業,TOPIX Small 1
3853.T,3853,アステリア,Stock,プライム（内国株式）,情報・通信業,TOPIX Small 2
3854.T,3854,アイル,Stock,プライム（内国株式）,情報・通信業,TOPIX Small 2
3861.T,3861,王子ホールディングス,Stock,プライム（内国株式）,パルプ・紙,TOPIX Mid400
3863.T,3863,日本製紙,Stock,プライム（内国株式）,パルプ・紙,TOPIX Small 1
3865.T,3865,北越コーポレーション,Stock,プライム（内国株式）,パルプ・紙,TOPIX Small 1
3880.T,3880,大王製紙,Stock,プライム（内国株式）,パルプ・紙,TOPIX Small 1
3901.T,3901,マークラインズ,Stock,プライム（内国株式）,情報・通信業,TOPIX Small 2
3902.T,3902,メディカル・データ・ビジョン,Stock,プライム（内国株式）,情報・通信業,TOPIX Small 2
3903.T,3903,ｇｕｍｉ,Stock,プライム（内国株式）,情報・通信業,TOPIX Small 2
3915.T,3915,テラスカイ,Stock,プライム（内国株式）,情報・通信業,TOPIX Small 2
3916.T,3916,デジタル・インフォメーション・テクノロジー,Stock,プライム（内国株式）,情報・通信業,TOPIX Small 2
3921.T,3921,ネオジャパン,Stock,プライム（内国株式）,情報・通信業,TOPIX Small 2
3922.T,3922,ＰＲ　ＴＩＭＥＳ,Stock,プライム（内国株式）,情報・通信業,TOPIX Small 2
3923.T,3923,ラクス,Stock,プライム（内国株式）,情報・通信業,TOPIX Mid400
3925.T,3925,ダブルスタンダード,Stock,プライム（内国株式）,情報・通信業,TOPIX Small 2
3926.T,3926,オープンドア,Stock,プライム（内国株式）,情報・通信業,TOPIX Small 2
3932.T,3932,アカツキ,Stock,プライム（内国株式）,情報・通信業,TOPIX Small 2
3937.T,3937,Ｕｂｉｃｏｍホールディングス,Stock,プライム（内国株式）,情報・通信業,TOPIX Small 2
3939.T,3939,カナミックネットワーク,Stock,プライム（内国株式）,情報・通信業,TOPIX Small 2
3941.T,3941,レンゴー,Stock,プライム（内国株式）,パルプ・紙,TOPIX Mid400
3946.T,3946,トーモク,Stock,プライム（内国株式）,パルプ・紙,TOPIX Small 2
3950.T,3950,ザ・パック,Stock,プライム（内国株式）,パルプ・紙,TOPIX Small 2
3962.T,3962,チェンジホールディングス,Stock,プライム（内国株式）,情報・通信業,TOPIX Small 1
3964.T,3964,オークネット,Stock,プライム（内国株式）,情報・通信業,TOPIX Small 2
3983.T,3983,オロ,Stock,プライム（内国株式）,情報・通信業,TOPIX Small 2
3984.T,3984,ユーザーローカル,Stock,プライム（内国株式）,情報・通信業,TOPIX Small 2
3993.T,3993,ＰＫＳＨＡ　Ｔｅｃｈｎｏｌｏｇｙ,Stock,プライム（内国株式）,情報・通信業,TOPIX Small 1
3994.T,3994,マネーフォワード,Stock,プライム（内国株式）,情報・通信業,TOPIX Mid400
4004.T,4004,レゾナック・ホールディングス,Stock,プライム（内国株式）,化学,TOPIX Mid400
4005.T,4005,住友化学,Stock,プライム（内国株式）,化学,TOPIX Mid400
4008.T,4008,住友精化,Stock,プライム（内国株式）,化学,TOPIX Small 1
4021.T,4021,日産化学,Stock,プライム（内国株式）,化学,TOPIX Mid400
4022.T,4022,ラサ工業,Stock,プライム（内国株式）,化学,TOPIX Small 2
4023.T,4023,クレハ,Stock,プライム（内国株式）,化学,TOPIX Small 1
4025.T,4025,多木化学,Stock,プライム（内国株式）,化学,TOPIX Small 2
4027.T,4027,テイカ,Stock,プライム（内国株式）,化学,TOPIX Small 2
4028.T,4028,石原産業,Stock,プライム（内国株式）,化学,TOPIX Small 1
4041.T,4041,日本曹達,Stock,プライム（内国株式）,化学,TOPIX Small 1
4042.T,4042,東ソー,Stock,プライム（内国株式）,化学,TOPIX Mid400
4043.T,4043,トクヤマ,Stock,プライム（内国株式）,化学,TOPIX Mid400
4044.T,4044,セントラル硝子,Stock,プライム（内国株式）,化学,TOPIX Small 1
4045.T,4045,東亞合成,Stock,プライム（内国株式）,化学,TOPIX Mid400
4046.T,4046,大阪ソーダ,Stock,プライム（内国株式）,化学,TOPIX Small 1
4047.T,4047,関東電化工業,Stock,プライム（内国株式）,化学,TOPIX Small 1
4051.T,4051,ＧＭＯフィナンシャルゲート,Stock,プライム（内国株式）,情報・通信業,TOPIX Small 2
4053.T,4053,Ｓｕｎ　Ａｓｔｅｒｉｓｋ,Stock,プライム（内国株式）,情報・通信業,TOPIX Small 2
4061.T,4061,デンカ,Stock,プライム（内国株式）,化学,TOPIX Mid400
4062.T,4062,イビデン,Stock,プライム（内国株式）,電気機器,TOPIX Mid400
4063.T,4063,信越化学工業,Stock,プライム（内国株式）,化学,TOPIX Core30
4064.T,4064,日本カーバイド工業,Stock,プライム（内国株式）,化学,TOPIX Small 2
4071.T,4071,プラスアルファ・コンサルティング,Stock,プライム（内国株式）,情報・通信業,TOPIX Small 1
4072.T,4072,電算システムホールディングス,Stock,プライム（内国株式）,情報・通信業,TOPIX Small 2
4078.T,4078,堺化学工業,Stock,プライム（内国株式）,化学,TOPIX Small 1
4082.T,4082,第一稀元素化学工業,Stock,プライム（内国株式）,化学,TOPIX Small 2
4088.T,4088,エア・ウォーター,Stock,プライム（内国株式）,化学,TOPIX Mid400
4091.T,4091,日本酸素ホールディングス,Stock,プライム（内国株式）,化学,TOPIX Mid400
4092.T,4092,日本化学工業,Stock,プライム（内国株式）,化学,TOPIX Small 2
4095.T,4095,日本パーカライジング,Stock,プライム（内国株式）,化学,TOPIX Small 1
4097.T,4097,高圧ガス工業,Stock,プライム（内国株式）,化学,TOPIX Small 2
4099.T,4099,四国化成ホールディングス,Stock,プライム（内国株式）,化学,TOPIX Small 2
409A.T,409A,オリオンビール,Stock,プライム（内国株式）,食料品,TOPIX Small 2
4100.T,4100,戸田工業,Stock,スタンダード（内国株式）,化学,TOPIX Small 2
4109.T,4109,ステラ　ケミファ,Stock,プライム（内国株式）,化学,TOPIX Small 1
4112.T,4112,保土谷化学工業,Stock,プライム（内国株式）,化学,TOPIX Small 2
4114.T,4114,日本触媒,Stock,プライム（内国株式）,化学,TOPIX Mid400
4116.T,4116,大日精化工業,Stock,プライム（内国株式）,化学,TOPIX Small 2
4118.T,4118,カネカ,Stock,プライム（内国株式）,化学,TOPIX Mid400
4151.T,4151,協和キリン,Stock,プライム（内国株式）,医薬品,TOPIX Mid400
417A.T,417A,ブルーゾーンホールディングス,Stock,プライム（内国株式）,小売業,TOPIX Mid400
4180.T,4180,Ａｐｐｉｅｒ　Ｇｒｏｕｐ,Stock,プライム（内国株式）,情報・通信業,TOPIX Small 1
4182.T,4182,三菱瓦斯化学,Stock,プライム（内国株式）,化学,TOPIX Mid400
4183.T,4183,三井化学,Stock,プライム（内国株式）,化学,TOPIX Mid400
4186.T,4186,東京応化工業,Stock,プライム（内国株式）,化学,TOPIX Mid400
4187.T,4187,大阪有機化学工業,Stock,プライム（内国株式）,化学,TOPIX Small 1
4188.T,4188,三菱ケミカルグループ,Stock,プライム（内国株式）,化学,TOPIX Large70
4189.T,4189,ＫＨネオケム,Stock,プライム（内国株式）,化学,TOPIX Small 1
4194.T,4194,ビジョナル,Stock,プライム（内国株式）,情報・通信業,TOPIX Mid400
4202.T,4202,ダイセル,Stock,プライム（内国株式）,化学,TOPIX Mid400
4203.T,4203,住友ベークライト,Stock,プライム（内国株式）,化学,TOPIX Mid400
4204.T,4204,積水化学工業,Stock,プライム（内国株式）,化学,TOPIX Mid400
4205.T,4205,日本ゼオン,Stock,プライム（内国株式）,化学,TOPIX Mid400
4206.T,4206,アイカ工業,Stock,プライム（内国株式）,化学,TOPIX Mid400
4208.T,4208,ＵＢＥ,Stock,プライム（内国株式）,化学,TOPIX Mid400
4212.T,4212,積水樹脂,Stock,プライム（内国株式）,化学,TOPIX Small 1
4216.T,4216,旭有機材,Stock,プライム（内国株式）,化学,TOPIX Small 1
4218.T,4218,ニチバン,Stock,プライム（内国株式）,化学,TOPIX Small 2
4220.T,4220,リケンテクノス,Stock,プライム（内国株式）,化学,TOPIX Small 2
4221.T,4221,大倉工業,Stock,プライム（内国株式）,化学,TOPIX Small 2
4228.T,4228,積水化成品工業,Stock,プライム（内国株式）,化学,TOPIX Small 2
4229.T,4229,群栄化学工業,Stock,プライム（内国株式）,化学,TOPIX Small 2
4246.T,4246,ダイキョーニシカワ,Stock,プライム（内国株式）,化学,TOPIX Small 2
4249.T,4249,森六,Stock,プライム（内国株式）,化学,TOPIX Small 2
4251.T,4251,恵和,Stock,プライム（内国株式）,化学,TOPIX Small 2
4272.T,4272,日本化薬,Stock,プライム（内国株式）,化学,TOPIX Mid400
4275.T,4275,カーリット,Stock,プライム（内国株式）,化学,TOPIX Small 2
4286.T,4286,ＣＬホールディングス,Stock,スタンダード（内国株式）,サービス業,TOPIX Small 2
4290.T,4290,プレステージ・インターナショナル,Stock,プライム（内国株式）,サービス業,TOPIX Small 1
4299.T,4299,ハイマックス,Stock,スタンダード（内国株式）,情報・通信業,TOPIX Small 2
429A.T,429A,テクセンドフォトマスク,Stock,プライム（内国株式）,その他製品,TOPIX Small 2
4301.T,4301,アミューズ,Stock,プライム（内国株式）,サービス業,TOPIX Small 2
4307.T,4307,野村総合研究所,Stock,プライム（内国株式）,情報・通信業,TOPIX Large70
4310.T,4310,ドリームインキュベータ,Stock,プライム（内国株式）,サービス業,TOPIX Small 2
4318.T,4318,クイック,Stock,プライム（内国株式）,サービス業,TOPIX Small 2
4323.T,4323,日本システム技術,Stock,プライム（内国株式）,情報・通信業,TOPIX Small 2
4324.T,4324,電通グループ,Stock,プライム（内国株式）,サービス業,TOPIX Mid400
4326.T,4326,インテージホールディングス,Stock,プライム（内国株式）,情報・通信業,TOPIX Small 2
4331.T,4331,テイクアンドギヴ・ニーズ,Stock,プライム（内国株式）,サービス業,TOPIX Small 2
4333.T,4333,東邦システムサイエンス,Stock,プライム（内国株式）,情報・通信業,TOPIX Small 2
4337.T,4337,ぴあ,Stock,プライム（内国株式）,サービス業,TOPIX Small 2
4343.T,4343,イオンファンタジー,Stock,プライム（内国株式）,サービス業,TOPIX Small 2
4344.T,4344,ソースネクスト,Stock,プライム（内国株式）,情報・通信業,TOPIX Small 2
4345.T,4345,シーティーエス,Stock,プライム（内国株式）,サービス業,TOPIX Small 2
4350.T,4350,メディカルシステムネットワーク,Stock,スタンダード（内国株式）,小売業,TOPIX Small 2
4362.T,4362,日本精化,Stock,プライム（内国株式）,化学,TOPIX Small 2
4368.T,4368,扶桑化学工業,Stock,プライム（内国株式）,化学,TOPIX Small 1
4369.T,4369,トリケミカル研究所,Stock,プライム（内国株式）,化学,TOPIX Small 1
4373.T,4373,シンプレクス・ホールディングス,Stock,プライム（内国株式）,情報・通信業,TOPIX Small 1
4382.T,4382,ＨＥＲＯＺ,Stock,スタンダード（内国株式）,情報・通信業,TOPIX Small 2
4384.T,4384,ラクスル,Stock,プライム（内国株式）,情報・通信業,TOPIX Small 1
4385.T,4385,メルカリ,Stock,プライム（内国株式）,情報・通信業,TOPIX Mid400
4390.T,4390,ＩＰＳ,Stock,プライム（内国株式）,情報・通信業,TOPIX Small 2
4396.T,4396,システムサポートホールディングス,Stock,プライム（内国株式）,情報・通信業,TOPIX Small 2
4401.T,4401,ＡＤＥＫＡ,Stock,プライム（内国株式）,化学,TOPIX Mid400
4403.T,4403,日油,Stock,プライム（内国株式）,化学,TOPIX Mid400
4410.T,4410,ハリマ化成グループ,Stock,プライム（内国株式）,化学,TOPIX Small 2
4413.T,4413,ボードルア,Stock,プライム（内国株式）,情報・通信業,TOPIX Small 2
441A.T,441A,ＮＥ,Stock,グロース（内国株式）,情報・通信業,TOPIX Small 2
4420.T,4420,イーソル,Stock,スタンダード（内国株式）,情報・通信業,TOPIX Small 2
4432.T,4432,ウイングアーク１ｓｔ,Stock,プライム（内国株式）,情報・通信業,TOPIX Small 1
4433.T,4433,ヒト・コミュニケーションズ・ホールディングス,Stock,プライム（内国株式）,情報・通信業,TOPIX Small 2
4434.T,4434,サーバーワークス,Stock,スタンダード（内国株式）,情報・通信業,TOPIX Small 2
4443.T,4443,Ｓａｎｓａｎ,Stock,プライム（内国株式）,情報・通信業,TOPIX Small 1
4449.T,4449,ギフティ,Stock,プライム（内国株式）,情報・通信業,TOPIX Small 2
4452.T,4452,花王,Stock,プライム（内国株式）,化学,TOPIX Large70
4461.T,4461,第一工業製薬,Stock,プライム（内国株式）,化学,TOPIX Small 2
4462.T,4462,石原ケミカル,Stock,プライム（内国株式）,化学,TOPIX Small 2
4471.T,4471,三洋化成工業,Stock,プライム（内国株式）,化学,TOPIX Small 1
4480.T,4480,メドレー,Stock,プライム（内国株式）,情報・通信業,TOPIX Small 1
4481.T,4481,ベース,Stock,プライム（内国株式）,情報・通信業,TOPIX Small 2
4483.T,4483,ＪＭＤＣ,Stock,プライム（内国株式）,情報・通信業,TOPIX Small 1
4502.T,4502,武田薬品工業,Stock,プライム（内国株式）,医薬品,TOPIX Core30
4503.T,4503,アステラス製薬,Stock,プライム（内国株式）,医薬品,TOPIX Large70
4506.T,4506,住友ファーマ,Stock,プライム（内国株式）,医薬品,TOPIX Mid400
4507.T,4507,塩野義製薬,Stock,プライム（内国株式）,医薬品,TOPIX Large70
4516.T,4516,日本新薬,Stock,プライム（内国株式）,医薬品,TOPIX Mid400
4519.T,4519,中外製薬,Stock,プライム（内国株式）,医薬品,TOPIX Large70
4521.T,4521,科研製薬,Stock,プライム（内国株式）,医薬品,TOPIX Small 1
4523.T,4523,エーザイ,Stock,プライム（内国株式）,医薬品,TOPIX Mid400
4526.T,4526,理研ビタミン,Stock,プライム（内国株式）,食料品,TOPIX Small 2
4527.T,4527,ロート製薬,Stock,プライム（内国株式）,医薬品,TOPIX Mid400
4528.T,4528,小野薬品工業,Stock,プライム（内国株式）,医薬品,TOPIX Mid400
4530.T,4530,久光製薬,Stock,プライム（内国株式）,医薬品,TOPIX Mid400
4534.T,4534,持田製薬,Stock,プライム（内国株式）,医薬品,TOPIX Small 2
4536.T,4536,参天製薬,Stock,プライム（内国株式）,医薬品,TOPIX Mid400
4538.T,4538,扶桑薬品工業,Stock,プライム（内国株式）,医薬品,TOPIX Small 2
4540.T,4540,ツムラ,Stock,プライム（内国株式）,医薬品,TOPIX Mid400
4543.T,4543,テルモ,Stock,プライム（内国株式）,精密機器,TOPIX Large70
4544.T,4544,Ｈ．Ｕ．グループホールディングス,Stock,プライム（内国株式）,サービス業,TOPIX Mid400
4547.T,4547,キッセイ薬品工業,Stock,プライム（内国株式）,医薬品,TOPIX Small 1
4548.T,4548,生化学工業,Stock,プライム（内国株式）,医薬品,TOPIX Small 2
4549.T,4549,栄研化学,Stock,プライム（内国株式）,医薬品,TOPIX Small 1
4552.T,4552,ＪＣＲファーマ,Stock,プライム（内国株式）,医薬品,TOPIX Small 1
4553.T,4553,東和薬品,Stock,プライム（内国株式）,医薬品,TOPIX Small 1
4554.T,4554,富士製薬工業,Stock,プライム（内国株式）,医薬品,TOPIX Small 2
4559.T,4559,ゼリア新薬工業,Stock,プライム（内国株式）,医薬品,TOPIX Small 1
4565.T,4565,ネクセラファーマ,Stock,プライム（内国株式）,医薬品,TOPIX Small 1
4568.T,4568,第一三共,Stock,プライム（内国株式）,医薬品,TOPIX Core30
4569.T,4569,杏林製薬,Stock,プライム（内国株式）,医薬品,TOPIX Small 1
4574.T,4574,大幸薬品,Stock,プライム（内国株式）,医薬品,TOPIX Small 2
4577.T,4577,ダイト,Stock,プライム（内国株式）,医薬品,TOPIX Small 2
4578.T,4578,大塚ホールディングス,Stock,プライム（内国株式）,医薬品,TOPIX Large70
4587.T,4587,ペプチドリーム,Stock,プライム（内国株式）,医薬品,TOPIX Mid400
4611.T,4611,大日本塗料,Stock,プライム（内国株式）,化学,TOPIX Small 2
4612.T,4612,日本ペイントホールディングス,Stock,プライム（内国株式）,化学,TOPIX Mid400
4613.T,4613,関西ペイント,Stock,プライム（内国株式）,化学,TOPIX Mid400
4617.T,4617,中国塗料,Stock,プライム（内国株式）,化学,TOPIX Small 1
4620.T,4620,藤倉化成,Stock,スタンダード（内国株式）,化学,TOPIX Small 2
4626.T,4626,太陽ホールディングス,Stock,プライム（内国株式）,化学,TOPIX Mid400
4631.T,4631,ＤＩＣ,Stock,プライム（内国株式）,化学,TOPIX Mid400
4633.T,4633,サカタインクス,Stock,プライム（内国株式）,化学,TOPIX Small 1
4634.T,4634,ａｒｔｉｅｎｃｅ,Stock,プライム（内国株式）,化学,TOPIX Small 1
4641.T,4641,アルプス技研,Stock,プライム（内国株式）,サービス業,TOPIX Small 2
4651.T,4651,サニックスホールディングス,Stock,スタンダード（内国株式）,サービス業,TOPIX Small 2
4658.T,4658,日本空調サービス,Stock,プライム（内国株式）,サービス業,TOPIX Small 2
4661.T,4661,オリエンタルランド,Stock,プライム（内国株式）,サービス業,TOPIX Large70
4662.T,4662,フォーカスシステムズ,Stock,プライム（内国株式）,情報・通信業,TOPIX Small 2
4665.T,4665,ダスキン,Stock,プライム（内国株式）,サービス業,TOPIX Mid400
4666.T,4666,パーク２４,Stock,プライム（内国株式）,不動産業,TOPIX Mid400
4668.T,4668,明光ネットワークジャパン,Stock,プライム（内国株式）,サービス業,TOPIX Small 2
4671.T,4671,ファルコホールディングス,Stock,スタンダード（内国株式）,サービス業,TOPIX Small 2
4674.T,4674,クレスコ,Stock,プライム（内国株式）,情報・通信業,TOPIX Small 2
4676.T,4676,フジ・メディア・ホールディングス,Stock,プライム（内国株式）,情報・通信業,TOPIX Mid400
4680.T,4680,ラウンドワン,Stock,プライム（内国株式）,サービス業,TOPIX Mid400
4681.T,4681,リゾートトラスト,Stock,プライム（内国株式）,サービス業,TOPIX Mid400
4684.T,4684,オービック,Stock,プライム（内国株式）,情報・通信業,TOPIX Mid400
4686.T,4686,ジャストシステム,Stock,プライム（内国株式）,情報・通信業,TOPIX Small 1
4687.T,4687,ＴＤＣソフト,Stock,プライム（内国株式）,情報・通信業,TOPIX Small 2
4689.T,4689,ＬＩＮＥヤフー,Stock,プライム（内国株式）,情報・通信業,TOPIX Large70
4694.T,4694,ビー・エム・エル,Stock,プライム（内国株式）,サービス業,TOPIX Small 1
4704.T,4704,トレンドマイクロ,Stock,プライム（内国株式）,情報・通信業,TOPIX Mid400
4709.T,4709,ＩＤホールディングス,Stock,プライム（内国株式）,情報・通信業,TOPIX Small 2
4714.T,4714,リソー教育グループ,Stock,プライム（内国株式）,サービス業,TOPIX Small 2
4716.T,4716,日本オラクル,Stock,スタンダード（内国株式）,情報・通信業,TOPIX Mid400
4718.T,4718,早稲田アカデミー,Stock,プライム（内国株式）,サービス業,TOPIX Small 2
4719.T,4719,アルファシステムズ,Stock,プライム（内国株式）,情報・通信業,TOPIX Small 2
4722.T,4722,フューチャー,Stock,プライム（内国株式）,情報・通信業,TOPIX Small 1
4725.T,4725,ＣＡＣ　Ｈｏｌｄｉｎｇｓ,Stock,プライム（内国株式）,情報・通信業,TOPIX Small 2
4732.T,4732,ユー・エス・エス,Stock,プライム（内国株式）,サービス業,TOPIX Mid400
4733.T,4733,オービックビジネスコンサルタント,Stock,プライム（内国株式）,情報・通信業,TOPIX Mid400
4743.T,4743,アイティフォー,Stock,プライム（内国株式）,情報・通信業,TOPIX Small 2
4746.T,4746,東計電算,Stock,スタンダード（内国株式）,情報・通信業,TOPIX Small 2
4751.T,4751,サイバーエージェント,Stock,プライム（内国株式）,サービス業,TOPIX Mid400
4755.T,4755,楽天グループ,Stock,プライム（内国株式）,サービス業,TOPIX Mid400
4763.T,4763,クリーク・アンド・リバー社,Stock,プライム（内国株式）,サービス業,TOPIX Small 2
4765.T,4765,ＳＢＩグローバルアセットマネジメント,Stock,プライム（内国株式）,サービス業,TOPIX Small 2
4767.T,4767,テー・オー・ダブリュー,Stock,スタンダード（内国株式）,サービス業,TOPIX Small 2
4768.T,4768,大塚商会,Stock,プライム（内国株式）,情報・通信業,TOPIX Mid400
4776.T,4776,サイボウズ,Stock,プライム（内国株式）,情報・通信業,TOPIX Small 1
4784.T,4784,ＧＭＯインターネット,Stock,プライム（内国株式）,サービス業,TOPIX Small 2
4792.T,4792,山田コンサルティンググループ,Stock,プライム（内国株式）,サービス業,TOPIX Small 2
4801.T,4801,セントラルスポーツ,Stock,プライム（内国株式）,サービス業,TOPIX Small 2
4809.T,4809,パラカ,Stock,プライム（内国株式）,不動産業,TOPIX Small 2
4812.T,4812,電通総研,Stock,プライム（内国株式）,情報・通信業,TOPIX Small 1
4819.T,4819,デジタルガレージ,Stock,プライム（内国株式）,情報・通信業,TOPIX Small 1
4820.T,4820,イーエムシステムズ,Stock,プライム（内国株式）,情報・通信業,TOPIX Small 2
4825.T,4825,ウェザーニューズ,Stock,プライム（内国株式）,情報・通信業,TOPIX Small 1
4826.T,4826,ＣＩＪ,Stock,プライム（内国株式）,情報・通信業,TOPIX Small 2
4828.T,4828,ビジネスエンジニアリング,Stock,プライム（内国株式）,情報・通信業,TOPIX Small 2
4839.T,4839,ＷＯＷＯＷ,Stock,プライム（内国株式）,情報・通信業,TOPIX Small 2
4845.T,4845,スカラ,Stock,プライム（内国株式）,情報・通信業,TOPIX Small 2
4848.T,4848,フルキャストホールディングス,Stock,プライム（内国株式）,サービス業,TOPIX Small 2
4849.T,4849,エン,Stock,プライム（内国株式）,サービス業,TOPIX Small 1
4880.T,4880,セルソース,Stock,プライム（内国株式）,医薬品,TOPIX Small 2
4886.T,4886,あすか製薬ホールディングス,Stock,プライム（内国株式）,医薬品,TOPIX Small 2
4887.T,4887,サワイグループホールディングス,Stock,プライム（内国株式）,医薬品,TOPIX Mid400
4901.T,4901,富士フイルムホールディングス,Stock,プライム（内国株式）,化学,TOPIX Large70
4902.T,4902,コニカミノルタ,Stock,プライム（内国株式）,電気機器,TOPIX Mid400
4911.T,4911,資生堂,Stock,プライム（内国株式）,化学,TOPIX Mid400
4912.T,4912,ライオン,Stock,プライム（内国株式）,化学,TOPIX Mid400
4914.T,4914,高砂香料工業,Stock,プライム（内国株式）,化学,TOPIX Small 1
4917.T,4917,マンダム,Stock,プライム（内国株式）,化学,TOPIX Small 1
4919.T,4919,ミルボン,Stock,プライム（内国株式）,化学,TOPIX Small 1
4922.T,4922,コーセー,Stock,プライム（内国株式）,化学,TOPIX Mid400
4923.T,4923,コタ,Stock,プライム（内国株式）,化学,TOPIX Small 2
4927.T,4927,ポーラ・オルビスホールディングス,Stock,プライム（内国株式）,化学,TOPIX Mid400
4928.T,4928,ノエビアホールディングス,Stock,プライム（内国株式）,化学,TOPIX Small 1
4931.T,4931,新日本製薬,Stock,プライム（内国株式）,化学,TOPIX Small 2
4933.T,4933,Ｉ－ｎｅ,Stock,プライム（内国株式）,化学,TOPIX Small 2
4936.T,4936,アクシージア,Stock,スタンダード（内国株式）,化学,TOPIX Small 2
4951.T,4951,エステー,Stock,プライム（内国株式）,化学,TOPIX Small 2
4956.T,4956,コニシ,Stock,プライム（内国株式）,化学,TOPIX Small 2
4958.T,4958,長谷川香料,Stock,プライム（内国株式）,化学,TOPIX Small 1
4967.T,4967,小林製薬,Stock,プライム（内国株式）,化学,TOPIX Mid400
4968.T,4968,荒川化学工業,Stock,プライム（内国株式）,化学,TOPIX Small 2
4971.T,4971,メック,Stock,プライム（内国株式）,化学,TOPIX Small 1
4973.T,4973,日本高純度化学,Stock,プライム（内国株式）,化学,TOPIX Small 2
4974.T,4974,タカラバイオ,Stock,プライム（内国株式）,化学,TOPIX Small 1
4975.T,4975,ＪＣＵ,Stock,プライム（内国株式）,化学,TOPIX Small 1
4979.T,4979,ＯＡＴアグリオ,Stock,スタンダード（内国株式）,化学,TOPIX Small 2
4980.T,4980,デクセリアルズ,Stock,プライム（内国株式）,化学,TOPIX Mid400
4985.T,4985,アース製薬,Stock,プライム（内国株式）,化学,TOPIX Small 1
4992.T,4992,北興化学工業,Stock,スタンダード（内国株式）,化学,TOPIX Small 2
4994.T,4994,大成ラミックグループ,Stock,スタンダード（内国株式）,化学,TOPIX Small 2
4996.T,4996,クミアイ化学工業,Stock,プライム（内国株式）,化学,TOPIX Small 1
4997.T,4997,日本農薬,Stock,プライム（内国株式）,化学,TOPIX Small 2
5011.T,5011,ニチレキグループ,Stock,プライム（内国株式）,石油・石炭製品,TOPIX Small 2
5013.T,5013,ユシロ,Stock,スタンダード（内国株式）,石油・石炭製品,TOPIX Small 2
5016.T,5016,ＪＸ金属,Stock,プライム（内国株式）,非鉄金属,TOPIX Mid400
5019.T,5019,出光興産,Stock,プライム（内国株式）,石油・石炭製品,TOPIX Mid400
5020.T,5020,ＥＮＥＯＳホールディングス,Stock,プライム（内国株式）,石油・石炭製品,TOPIX Large70
5021.T,5021,コスモエネルギーホールディングス,Stock,プライム（内国株式）,石油・石炭製品,TOPIX Mid400
5032.T,5032,ＡＮＹＣＯＬＯＲ,Stock,プライム（内国株式）,情報・通信業,TOPIX Small 1
5036.T,5036,日本ビジネスシステムズ,Stock,プライム（内国株式）,情報・通信業,TOPIX Small 2
5074.T,5074,テスホールディングス,Stock,プライム（内国株式）,建設業,TOPIX Small 2
5076.T,5076,インフロニア・ホールディングス,Stock,プライム（内国株式）,建設業,TOPIX Mid400
5101.T,5101,横浜ゴム,Stock,プライム（内国株式）,ゴム製品,TOPIX Mid400
5105.T,5105,ＴＯＹＯ　ＴＩＲＥ,Stock,プライム（内国株式）,ゴム製品,TOPIX Mid400
5108.T,5108,ブリヂストン,Stock,プライム（内国株式）,ゴム製品,TOPIX Large70
5110.T,5110,住友ゴム工業,Stock,プライム（内国株式）,ゴム製品,TOPIX Mid400
5121.T,5121,藤倉コンポジット,Stock,プライム（内国株式）,ゴム製品,TOPIX Small 2
5122.T,5122,オカモト,Stock,プライム（内国株式）,ゴム製品,TOPIX Small 2
5142.T,5142,アキレス,Stock,プライム（内国株式）,化学,TOPIX Small 2
5185.T,5185,フコク,Stock,プライム（内国株式）,ゴム製品,TOPIX Small 2
5186.T,5186,ニッタ,Stock,プライム（内国株式）,ゴム製品,TOPIX Small 2
5192.T,5192,三ツ星ベルト,Stock,プライム（内国株式）,ゴム製品,TOPIX Small 1
5195.T,5195,バンドー化学,Stock,プライム（内国株式）,ゴム製品,TOPIX Small 2
5201.T,5201,ＡＧＣ,Stock,プライム（内国株式）,ガラス・土石製品,TOPIX Mid400
5202.T,5202,日本板硝子,Stock,プライム（内国株式）,ガラス・土石製品,TOPIX Small 1
5208.T,5208,有沢製作所,Stock,プライム（内国株式）,化学,TOPIX Small 1
5214.T,5214,日本電気硝子,Stock,プライム（内国株式）,ガラス・土石製品,TOPIX Mid400
5218.T,5218,オハラ,Stock,スタンダード（内国株式）,ガラス・土石製品,TOPIX Small 2
5232.T,5232,住友大阪セメント,Stock,プライム（内国株式）,ガラス・土石製品,TOPIX Mid400
5233.T,5233,太平洋セメント,Stock,プライム（内国株式）,ガラス・土石製品,TOPIX Mid400
5262.T,5262,日本ヒューム,Stock,プライム（内国株式）,ガラス・土石製品,TOPIX Small 1
5269.T,5269,日本コンクリート工業,Stock,プライム（内国株式）,ガラス・土石製品,TOPIX Small 2
5273.T,5273,三谷セキサン,Stock,スタンダード（内国株式）,ガラス・土石製品,TOPIX Small 2
5288.T,5288,アジアパイルホールディングス,Stock,プライム（内国株式）,ガラス・土石製品,TOPIX Small 2
5301.T,5301,東海カーボン,Stock,プライム（内国株式）,ガラス・土石製品,TOPIX Mid400
5302.T,5302,日本カーボン,Stock,プライム（内国株式）,ガラス・土石製品,TOPIX Small 1
5310.T,5310,東洋炭素,Stock,プライム（内国株式）,ガラス・土石製品,TOPIX Small 1
5331.T,5331,ノリタケ,Stock,プライム（内国株式）,ガラス・土石製品,TOPIX Small 1
5332.T,5332,ＴＯＴＯ,Stock,プライム（内国株式）,ガラス・土石製品,TOPIX Mid400
5333.T,5333,日本碍子,Stock,プライム（内国株式）,ガラス・土石製品,TOPIX Mid400
5334.T,5334,日本特殊陶業,Stock,プライム（内国株式）,ガラス・土石製品,TOPIX Mid400
5344.T,5344,ＭＡＲＵＷＡ,Stock,プライム（内国株式）,ガラス・土石製品,TOPIX Mid400
5351.T,5351,品川リフラ,Stock,プライム（内国株式）,ガラス・土石製品,TOPIX Small 1
5352.T,5352,黒崎播磨,Stock,プライム（内国株式）,ガラス・土石製品,TOPIX Small 1
5357.T,5357,ヨータイ,Stock,プライム（内国株式）,ガラス・土石製品,TOPIX Small 2
5384.T,5384,フジミインコーポレーテッド,Stock,プライム（内国株式）,ガラス・土石製品,TOPIX Small 1
5393.T,5393,ニチアス,Stock,プライム（内国株式）,ガラス・土石製品,TOPIX Mid400
5401.T,5401,日本製鉄,Stock,プライム（内国株式）,鉄鋼,TOPIX Large70
5406.T,5406,神戸製鋼所,Stock,プライム（内国株式）,鉄鋼,TOPIX Mid400
5408.T,5408,中山製鋼所,Stock,プライム（内国株式）,鉄鋼,TOPIX Small 2
5410.T,5410,合同製鐵,Stock,プライム（内国株式）,鉄鋼,TOPIX Small 1
5411.T,5411,ＪＦＥホールディングス,Stock,プライム（内国株式）,鉄鋼,TOPIX Mid400
5423.T,5423,東京製鐵,Stock,プライム（内国株式）,鉄鋼,TOPIX Small 1
5440.T,5440,共英製鋼,Stock,プライム（内国株式）,鉄鋼,TOPIX Small 1
5444.T,5444,大和工業,Stock,プライム（内国株式）,鉄鋼,TOPIX Mid400
5445.T,5445,東京鐵鋼,Stock,プライム（内国株式）,鉄鋼,TOPIX Small 1
5449.T,5449,大阪製鐵,Stock,スタンダード（内国株式）,鉄鋼,TOPIX Small 2
5451.T,5451,ヨドコウ,Stock,プライム（内国株式）,鉄鋼,TOPIX Small 1
5461.T,5461,中部鋼鈑,Stock,プライム（内国株式）,鉄鋼,TOPIX Small 1
5463.T,5463,丸一鋼管,Stock,プライム（内国株式）,鉄鋼,TOPIX Mid400
5464.T,5464,モリ工業,Stock,スタンダード（内国株式）,鉄鋼,TOPIX Small 2
5471.T,5471,大同特殊鋼,Stock,プライム（内国株式）,鉄鋼,TOPIX Mid400
5480.T,5480,日本冶金工業,Stock,プライム（内国株式）,鉄鋼,TOPIX Small 1
5482.T,5482,愛知製鋼,Stock,プライム（内国株式）,鉄鋼,TOPIX Small 1
5541.T,5541,大平洋金属,Stock,プライム（内国株式）,鉄鋼,TOPIX Small 2
5563.T,5563,新日本電工,Stock,プライム（内国株式）,鉄鋼,TOPIX Small 1
5602.T,5602,栗本鐵工所,Stock,プライム（内国株式）,鉄鋼,TOPIX Small 1
5631.T,5631,日本製鋼所,Stock,プライム（内国株式）,機械,TOPIX Mid400
5632.T,5632,三菱製鋼,Stock,プライム（内国株式）,鉄鋼,TOPIX Small 2
5659.T,5659,日本精線,Stock,プライム（内国株式）,鉄鋼,TOPIX Small 2
5698.T,5698,エンビプロ・ホールディングス,Stock,スタンダード（内国株式）,鉄鋼,TOPIX Small 2
5702.T,5702,大紀アルミニウム工業所,Stock,プライム（内国株式）,非鉄金属,TOPIX Small 1
5703.T,5703,日本軽金属ホールディングス,Stock,プライム（内国株式）,非鉄金属,TOPIX Small 1
5706.T,5706,三井金属,Stock,プライム（内国株式）,非鉄金属,TOPIX Mid400
5707.T,5707,東邦亜鉛,Stock,プライム（内国株式）,非鉄金属,TOPIX Small 2
5711.T,5711,三菱マテリアル,Stock,プライム（内国株式）,非鉄金属,TOPIX Mid400
5713.T,5713,住友金属鉱山,Stock,プライム（内国株式）,非鉄金属,TOPIX Mid400
5714.T,5714,ＤＯＷＡホールディングス,Stock,プライム（内国株式）,非鉄金属,TOPIX Mid400
5715.T,5715,古河機械金属,Stock,プライム（内国株式）,非鉄金属,TOPIX Small 1
5726.T,5726,大阪チタニウムテクノロジーズ,Stock,プライム（内国株式）,非鉄金属,TOPIX Small 1
5727.T,5727,東邦チタニウム,Stock,プライム（内国株式）,非鉄金属,TOPIX Small 1
5741.T,5741,ＵＡＣＪ,Stock,プライム（内国株式）,非鉄金属,TOPIX Small 1
5757.T,5757,ＣＫサンエツ,Stock,プライム（内国株式）,非鉄金属,TOPIX Small 2
5801.T,5801,古河電気工業,Stock,プライム（内国株式）,非鉄金属,TOPIX Mid400
5802.T,5802,住友電気工業,Stock,プライム（内国株式）,非鉄金属,TOPIX Large70
5803.T,5803,フジクラ,Stock,プライム（内国株式）,非鉄金属,TOPIX Large70
5805.T,5805,ＳＷＣＣ,Stock,プライム（内国株式）,非鉄金属,TOPIX Small 1
5821.T,5821,平河ヒューテック,Stock,プライム（内国株式）,非鉄金属,TOPIX Small 2
5830.T,5830,いよぎんホールディングス,Stock,プライム（内国株式）,銀行業,TOPIX Mid400
5831.T,5831,しずおかフィナンシャルグループ,Stock,プライム（内国株式）,銀行業,TOPIX Mid400
5832.T,5832,ちゅうぎんフィナンシャルグループ,Stock,プライム（内国株式）,銀行業,TOPIX Mid400
5838.T,5838,楽天銀行,Stock,プライム（内国株式）,銀行業,TOPIX Mid400
5844.T,5844,京都フィナンシャルグループ,Stock,プライム（内国株式）,銀行業,TOPIX Mid400
5851.T,5851,リョービ,Stock,プライム（内国株式）,非鉄金属,TOPIX Small 1
5857.T,5857,ＡＲＥホールディングス,Stock,プライム（内国株式）,非鉄金属,TOPIX Small 1
5889.T,5889,Ｊａｐａｎ　Ｅｙｅｗｅａｒ　Ｈｏｌｄｉｎｇｓ,Stock,プライム（内国株式）,小売業,TOPIX Small 2
5901.T,5901,東洋製罐グループホールディングス,Stock,プライム（内国株式）,金属製品,TOPIX Mid400
5902.T,5902,ホッカンホールディングス,Stock,プライム（内国株式）,金属製品,TOPIX Small 2
5909.T,5909,コロナ,Stock,スタンダード（内国株式）,金属製品,TOPIX Small 2
5911.T,5911,横河ブリッジホールディングス,Stock,プライム（内国株式）,金属製品,TOPIX Small 1
5929.T,5929,三和ホールディングス,Stock,プライム（内国株式）,金属製品,TOPIX Mid400
5930.T,5930,文化シヤッター,Stock,プライム（内国株式）,金属製品,TOPIX Small 1
5932.T,5932,三協立山,Stock,プライム（内国株式）,金属製品,TOPIX Small 2
5933.T,5933,アルインコ,Stock,プライム（内国株式）,金属製品,TOPIX Small 2
5938.T,5938,ＬＩＸＩＬ,Stock,プライム（内国株式）,金属製品,TOPIX Mid400
5943.T,5943,ノーリツ,Stock,プライム（内国株式）,金属製品,TOPIX Small 1
5946.T,5946,長府製作所,Stock,プライム（内国株式）,金属製品,TOPIX Small 2
5947.T,5947,リンナイ,Stock,プライム（内国株式）,金属製品,TOPIX Mid400
5949.T,5949,ユニプレス,Stock,プライム（内国株式）,輸送用機器,TOPIX Small 1
5957.T,5957,日東精工,Stock,プライム（内国株式）,金属製品,TOPIX Small 2
5959.T,5959,岡部,Stock,プライム（内国株式）,金属製品,TOPIX Small 2
5970.T,5970,ジーテクト,Stock,プライム（内国株式）,金属製品,TOPIX Small 1
5975.T,5975,東プレ,Stock,プライム（内国株式）,金属製品,TOPIX Small 1
5976.T,5976,高周波熱錬,Stock,プライム（内国株式）,金属製品,TOPIX Small 2
5981.T,5981,東京製綱,Stock,プライム（内国株式）,金属製品,TOPIX Small 2
5985.T,5985,サンコール,Stock,スタンダード（内国株式）,金属製品,TOPIX Small 2
5988.T,5988,パイオラックス,Stock,プライム（内国株式）,金属製品,TOPIX Small 1
5989.T,5989,エイチワン,Stock,プライム（内国株式）,金属製品,TOPIX Small 2
5991.T,5991,日本発條,Stock,プライム（内国株式）,金属製品,TOPIX Mid400
5992.T,5992,中央発條,Stock,スタンダード（内国株式）,金属製品,TOPIX Small 2
6005.T,6005,三浦工業,Stock,プライム（内国株式）,機械,TOPIX Mid400
6013.T,6013,タクマ,Stock,プライム（内国株式）,機械,TOPIX Small 1
6035.T,6035,アイ・アールジャパンホールディングス,Stock,プライム（内国株式）,サービス業,TOPIX Small 2
6036.T,6036,ＫｅｅＰｅｒ技研,Stock,プライム（内国株式）,サービス業,TOPIX Small 1
6047.T,6047,Ｇｕｎｏｓｙ,Stock,プライム（内国株式）,サービス業,TOPIX Small 2
6050.T,6050,イー・ガーディアン,Stock,プライム（内国株式）,サービス業,TOPIX Small 2
6055.T,6055,ジャパンマテリアル,Stock,プライム（内国株式）,サービス業,TOPIX Small 1
6058.T,6058,ベクトル,Stock,プライム（内国株式）,サービス業,TOPIX Small 2
6062.T,6062,チャーム・ケア・コーポレーション,Stock,プライム（内国株式）,サービス業,TOPIX Small 2
6070.T,6070,キャリアリンク,Stock,プライム（内国株式）,サービス業,TOPIX Small 2
6071.T,6071,ＩＢＪ,Stock,プライム（内国株式）,サービス業,TOPIX Small 2
6073.T,6073,アサンテ,Stock,プライム（内国株式）,サービス業,TOPIX Small 2
6078.T,6078,バリューＨＲ,Stock,プライム（内国株式）,サービス業,TOPIX Small 2
6080.T,6080,Ｍ＆Ａキャピタルパートナーズ,Stock,プライム（内国株式）,サービス業,TOPIX Small 1
6082.T,6082,ライドオンエクスプレスホールディングス,Stock,スタンダード（内国株式）,サービス業,TOPIX Small 2
6088.T,6088,シグマクシス・ホールディングス,Stock,プライム（内国株式）,サービス業,TOPIX Small 1
6089.T,6089,ウィルグループ,Stock,プライム（内国株式）,サービス業,TOPIX Small 2
6098.T,6098,リクルートホールディングス,Stock,プライム（内国株式）,サービス業,TOPIX Core30
6099.T,6099,エラン,Stock,プライム（内国株式）,サービス業,TOPIX Small 2
6101.T,6101,ツガミ,Stock,プライム（内国株式）,機械,TOPIX Small 1
6103.T,6103,オークマ,Stock,プライム（内国株式）,機械,TOPIX Small 1
6104.T,6104,芝浦機械,Stock,プライム（内国株式）,機械,TOPIX Small 1
6113.T,6113,アマダ,Stock,プライム（内国株式）,機械,TOPIX Mid400
6118.T,6118,アイダエンジニアリング,Stock,プライム（内国株式）,機械,TOPIX Small 1
6134.T,6134,ＦＵＪＩ,Stock,プライム（内国株式）,機械,TOPIX Mid400
6135.T,6135,牧野フライス製作所,Stock,プライム（内国株式）,機械,TOPIX Small 1
6136.T,6136,オーエスジー,Stock,プライム（内国株式）,機械,TOPIX Mid400
6140.T,6140,旭ダイヤモンド工業,Stock,プライム（内国株式）,機械,TOPIX Small 1
6141.T,6141,ＤＭＧ森精機,Stock,プライム（内国株式）,機械,TOPIX Mid400
6143.T,6143,ソディック,Stock,プライム（内国株式）,機械,TOPIX Small 1
6146.T,6146,ディスコ,Stock,プライム（内国株式）,機械,TOPIX Large70
6151.T,6151,日東工器,Stock,プライム（内国株式）,機械,TOPIX Small 2
6157.T,6157,日進工具,Stock,スタンダード（内国株式）,機械,TOPIX Small 2
6167.T,6167,冨士ダイス,Stock,プライム（内国株式）,機械,TOPIX Small 2
6178.T,6178,日本郵政,Stock,プライム（内国株式）,サービス業,TOPIX Large70
6183.T,6183,ベルシステム２４ホールディングス,Stock,プライム（内国株式）,サービス業,TOPIX Small 2
6184.T,6184,鎌倉新書,Stock,プライム（内国株式）,サービス業,TOPIX Small 2
6191.T,6191,エアトリ,Stock,プライム（内国株式）,サービス業,TOPIX Small 2
6194.T,6194,アトラエ,Stock,プライム（内国株式）,サービス業,TOPIX Small 2
6196.T,6196,ストライク,Stock,プライム（内国株式）,サービス業,TOPIX Small 1
6197.T,6197,ソラスト,Stock,プライム（内国株式）,サービス業,TOPIX Small 2
6199.T,6199,セラク,Stock,スタンダード（内国株式）,サービス業,TOPIX Small 2
6200.T,6200,インソース,Stock,プライム（内国株式）,サービス業,TOPIX Small 1
6201.T,6201,豊田自動織機,Stock,プライム（内国株式）,輸送用機器,TOPIX Large70
6209.T,6209,リケンＮＰＲ,Stock,プライム（内国株式）,機械,TOPIX Small 1
6222.T,6222,島精機製作所,Stock,プライム（内国株式）,機械,TOPIX Small 1
6235.T,6235,オプトラン,Stock,プライム（内国株式）,機械,TOPIX Small 1
6237.T,6237,イワキポンプ,Stock,プライム（内国株式）,機械,TOPIX Small 2
6238.T,6238,フリュー,Stock,プライム（内国株式）,機械,TOPIX Small 2
6240.T,6240,ヤマシンフィルタ,Stock,プライム（内国株式）,機械,TOPIX Small 2
6247.T,6247,日阪製作所,Stock,プライム（内国株式）,機械,TOPIX Small 2
6250.T,6250,やまびこ,Stock,プライム（内国株式）,機械,TOPIX Small 1
6254.T,6254,野村マイクロ・サイエンス,Stock,プライム（内国株式）,機械,TOPIX Small 1
6258.T,6258,平田機工,Stock,プライム（内国株式）,機械,TOPIX Small 1
6262.T,6262,ＰＥＧＡＳＵＳ,Stock,スタンダード（内国株式）,機械,TOPIX Small 2
6264.T,6264,マルマエ,Stock,プライム（内国株式）,機械,TOPIX Small 2
6266.T,6266,タツモ,Stock,プライム（内国株式）,機械,TOPIX Small 2
6268.T,6268,ナブテスコ,Stock,プライム（内国株式）,機械,TOPIX Mid400
6269.T,6269,三井海洋開発,Stock,プライム（内国株式）,機械,TOPIX Mid400
6272.T,6272,レオン自動機,Stock,プライム（内国株式）,機械,TOPIX Small 2
6273.T,6273,ＳＭＣ,Stock,プライム（内国株式）,機械,TOPIX Large70
6277.T,6277,ホソカワミクロン,Stock,プライム（内国株式）,機械,TOPIX Small 1
6278.T,6278,ユニオンツール,Stock,プライム（内国株式）,機械,TOPIX Small 1
6279.T,6279,瑞光,Stock,プライム（内国株式）,機械,TOPIX Small 2
6282.T,6282,オイレス工業,Stock,プライム（内国株式）,機械,TOPIX Small 1
6284.T,6284,日精エー・エス・ビー機械,Stock,プライム（内国株式）,機械,TOPIX Small 1
6287.T,6287,サトー,Stock,プライム（内国株式）,機械,TOPIX Small 1
6289.T,6289,技研製作所,Stock,プライム（内国株式）,機械,TOPIX Small 2
6291.T,6291,日本エアーテック,Stock,スタンダード（内国株式）,機械,TOPIX Small 2
6293.T,6293,日精樹脂工業,Stock,プライム（内国株式）,機械,TOPIX Small 2
6298.T,6298,ワイエイシイホールディングス,Stock,プライム（内国株式）,機械,TOPIX Small 2
6301.T,6301,小松製作所,Stock,プライム（内国株式）,機械,TOPIX Large70
6302.T,6302,住友重機械工業,Stock,プライム（内国株式）,機械,TOPIX Mid400
6305.T,6305,日立建機,Stock,プライム（内国株式）,機械,TOPIX Mid400
6306.T,6306,日工,Stock,プライム（内国株式）,機械,TOPIX Small 2
6309.T,6309,巴工業,Stock,プライム（内国株式）,機械,TOPIX Small 2
6310.T,6310,井関農機,Stock,プライム（内国株式）,機械,TOPIX Small 2
6315.T,6315,ＴＯＷＡ,Stock,プライム（内国株式）,機械,TOPIX Small 1
6317.T,6317,北川鉄工所,Stock,スタンダード（内国株式）,機械,TOPIX Small 2
6323.T,6323,ローツェ,Stock,プライム（内国株式）,機械,TOPIX Mid400
6326.T,6326,クボタ,Stock,プライム（内国株式）,機械,TOPIX Large70
6328.T,6328,荏原実業,Stock,プライム（内国株式）,機械,TOPIX Small 2
6330.T,6330,東洋エンジニアリング,Stock,プライム（内国株式）,建設業,TOPIX Small 2
6331.T,6331,三菱化工機,Stock,プライム（内国株式）,機械,TOPIX Small 1
6332.T,6332,月島ホールディングス,Stock,プライム（内国株式）,機械,TOPIX Small 1
6333.T,6333,帝国電機製作所,Stock,プライム（内国株式）,機械,TOPIX Small 2
6339.T,6339,新東工業,Stock,プライム（内国株式）,機械,TOPIX Small 2
6340.T,6340,澁谷工業,Stock,プライム（内国株式）,機械,TOPIX Small 2
6345.T,6345,アイチ　コーポレーション,Stock,プライム（内国株式）,機械,TOPIX Small 2
6349.T,6349,小森コーポレーション,Stock,プライム（内国株式）,機械,TOPIX Small 1
6351.T,6351,鶴見製作所,Stock,プライム（内国株式）,機械,TOPIX Small 2
6358.T,6358,酒井重工業,Stock,プライム（内国株式）,機械,TOPIX Small 2
6361.T,6361,荏原製作所,Stock,プライム（内国株式）,機械,TOPIX Mid400
6363.T,6363,酉島製作所,Stock,プライム（内国株式）,機械,TOPIX Small 1
6364.T,6364,ＡＩＲＭＡＮ,Stock,プライム（内国株式）,機械,TOPIX Small 2
6367.T,6367,ダイキン工業,Stock,プライム（内国株式）,機械,TOPIX Core30
6368.T,6368,オルガノ,Stock,プライム（内国株式）,機械,TOPIX Mid400
6369.T,6369,トーヨーカネツ,Stock,プライム（内国株式）,機械,TOPIX Small 2
6370.T,6370,栗田工業,Stock,プライム（内国株式）,機械,TOPIX Mid400
6371.T,6371,椿本チエイン,Stock,プライム（内国株式）,機械,TOPIX Small 1
6376.T,6376,日機装,Stock,プライム（内国株式）,精密機器,TOPIX Small 1
6378.T,6378,木村化工機,Stock,スタンダード（内国株式）,機械,TOPIX Small 2
6379.T,6379,レイズネクスト,Stock,プライム（内国株式）,建設業,TOPIX Small 2
6381.T,6381,アネスト岩田,Stock,プライム（内国株式）,機械,TOPIX Small 2
6383.T,6383,ダイフク,Stock,プライム（内国株式）,機械,TOPIX Mid400
6387.T,6387,サムコ,Stock,プライム（内国株式）,機械,TOPIX Small 2
6395.T,6395,タダノ,Stock,プライム（内国株式）,機械,TOPIX Small 1
6406.T,6406,フジテック,Stock,プライム（内国株式）,機械,TOPIX Mid400
6407.T,6407,ＣＫＤ,Stock,プライム（内国株式）,機械,TOPIX Small 1
6412.T,6412,平和,Stock,プライム（内国株式）,機械,TOPIX Small 1
6413.T,6413,理想科学工業,Stock,プライム（内国株式）,機械,TOPIX Small 2
6417.T,6417,ＳＡＮＫＹＯ,Stock,プライム（内国株式）,機械,TOPIX Mid400
6418.T,6418,日本金銭機械,Stock,プライム（内国株式）,機械,TOPIX Small 2
6419.T,6419,マースグループホールディングス,Stock,プライム（内国株式）,機械,TOPIX Small 1
6420.T,6420,ガリレイ,Stock,プライム（内国株式）,機械,TOPIX Small 1
6430.T,6430,ダイコク電機,Stock,プライム（内国株式）,機械,TOPIX Small 2
6432.T,6432,竹内製作所,Stock,プライム（内国株式）,機械,TOPIX Small 1
6436.T,6436,アマノ,Stock,プライム（内国株式）,機械,TOPIX Mid400
6440.T,6440,ＪＵＫＩ,Stock,プライム（内国株式）,機械,TOPIX Small 2
6445.T,6445,ジャノメ,Stock,プライム（内国株式）,機械,TOPIX Small 2
6448.T,6448,ブラザー工業,Stock,プライム（内国株式）,電気機器,TOPIX Mid400
6454.T,6454,マックス,Stock,プライム（内国株式）,機械,TOPIX Small 1
6455.T,6455,モリタホールディングス,Stock,プライム（内国株式）,輸送用機器,TOPIX Small 2
6457.T,6457,グローリー,Stock,プライム（内国株式）,機械,TOPIX Mid400
6458.T,6458,新晃工業,Stock,プライム（内国株式）,機械,TOPIX Small 1
6459.T,6459,大和冷機工業,Stock,プライム（内国株式）,機械,TOPIX Small 2
6460.T,6460,セガサミーホールディングス,Stock,プライム（内国株式）,機械,TOPIX Mid400
6463.T,6463,ＴＰＲ,Stock,プライム（内国株式）,機械,TOPIX Small 1
6464.T,6464,ツバキ・ナカシマ,Stock,プライム（内国株式）,機械,TOPIX Small 2
6465.T,6465,ホシザキ,Stock,プライム（内国株式）,機械,TOPIX Mid400
6470.T,6470,大豊工業,Stock,スタンダード（内国株式）,機械,TOPIX Small 2
6471.T,6471,日本精工,Stock,プライム（内国株式）,機械,TOPIX Mid400
6472.T,6472,ＮＴＮ,Stock,プライム（内国株式）,機械,TOPIX Mid400
6473.T,6473,ジェイテクト,Stock,プライム（内国株式）,機械,TOPIX Mid400
6474.T,6474,不二越,Stock,プライム（内国株式）,機械,TOPIX Small 1
6479.T,6479,ミネベアミツミ,Stock,プライム（内国株式）,電気機器,TOPIX Mid400
6480.T,6480,日本トムソン,Stock,プライム（内国株式）,機械,TOPIX Small 2
6481.T,6481,ＴＨＫ,Stock,プライム（内国株式）,機械,TOPIX Mid400
6482.T,6482,ＹＵＳＨＩＮ,Stock,スタンダード（内国株式）,機械,TOPIX Small 2
6485.T,6485,前澤給装工業,Stock,スタンダード（内国株式）,機械,TOPIX Small 2
6486.T,6486,イーグル工業,Stock,プライム（内国株式）,機械,TOPIX Small 1
6490.T,6490,ＰＩＬＬＡＲ,Stock,プライム（内国株式）,機械,TOPIX Small 1
6498.T,6498,キッツ,Stock,プライム（内国株式）,機械,TOPIX Small 1
6501.T,6501,日立製作所,Stock,プライム（内国株式）,電気機器,TOPIX Core30
6503.T,6503,三菱電機,Stock,プライム（内国株式）,電気機器,TOPIX Core30
6504.T,6504,富士電機,Stock,プライム（内国株式）,電気機器,TOPIX Mid400
6506.T,6506,安川電機,Stock,プライム（内国株式）,電気機器,TOPIX Mid400
6507.T,6507,シンフォニアテクノロジー,Stock,プライム（内国株式）,電気機器,TOPIX Small 1
6508.T,6508,明電舎,Stock,プライム（内国株式）,電気機器,TOPIX Small 1
6516.T,6516,山洋電気,Stock,プライム（内国株式）,電気機器,TOPIX Small 1
6517.T,6517,デンヨー,Stock,プライム（内国株式）,電気機器,TOPIX Small 2
6523.T,6523,ＰＨＣホールディングス,Stock,プライム（内国株式）,電気機器,TOPIX Small 1
6525.T,6525,ＫＯＫＵＳＡＩ　ＥＬＥＣＴＲＩＣ,Stock,プライム（内国株式）,電気機器,TOPIX Mid400
6526.T,6526,ソシオネクスト,Stock,プライム（内国株式）,電気機器,TOPIX Mid400
6532.T,6532,ベイカレント,Stock,プライム（内国株式）,サービス業,TOPIX Mid400
6533.T,6533,Ｏｒｃｈｅｓｔｒａ　Ｈｏｌｄｉｎｇｓ,Stock,プライム（内国株式）,サービス業,TOPIX Small 2
6535.T,6535,アイモバイル,Stock,プライム（内国株式）,サービス業,TOPIX Small 2
6539.T,6539,ＭＳ－Ｊａｐａｎ,Stock,プライム（内国株式）,サービス業,TOPIX Small 2
6544.T,6544,ジャパンエレベーターサービスホールディングス,Stock,プライム（内国株式）,サービス業,TOPIX Mid400
6560.T,6560,エル・ティー・エス,Stock,プライム（内国株式）,サービス業,TOPIX Small 2
6564.T,6564,ミダックホールディングス,Stock,プライム（内国株式）,サービス業,TOPIX Small 2
6571.T,6571,キュービーネットホールディングス,Stock,プライム（内国株式）,サービス業,TOPIX Small 2
6572.T,6572,オープングループ,Stock,プライム（内国株式）,サービス業,TOPIX Small 2
6584.T,6584,三櫻工業,Stock,プライム（内国株式）,輸送用機器,TOPIX Small 2
6586.T,6586,マキタ,Stock,プライム（内国株式）,機械,TOPIX Mid400
6588.T,6588,東芝テック,Stock,プライム（内国株式）,電気機器,TOPIX Small 1
6590.T,6590,芝浦メカトロニクス,Stock,プライム（内国株式）,電気機器,TOPIX Small 1
6592.T,6592,マブチモーター,Stock,プライム（内国株式）,電気機器,TOPIX Mid400
6615.T,6615,ユー・エム・シー・エレクトロニクス,Stock,プライム（内国株式）,電気機器,TOPIX Small 2
6616.T,6616,トレックス・セミコンダクター,Stock,プライム（内国株式）,電気機器,TOPIX Small 2
6617.T,6617,東光高岳,Stock,プライム（内国株式）,電気機器,TOPIX Small 2
6619.T,6619,ダブル・スコープ,Stock,プライム（内国株式）,電気機器,TOPIX Small 2
6620.T,6620,宮越ホールディングス,Stock,プライム（内国株式）,不動産業,TOPIX Small 2
6622.T,6622,ダイヘン,Stock,プライム（内国株式）,電気機器,TOPIX Small 1
6630.T,6630,ヤーマン,Stock,プライム（内国株式）,電気機器,TOPIX Small 1
6632.T,6632,ＪＶＣケンウッド,Stock,プライム（内国株式）,電気機器,TOPIX Mid400
6638.T,6638,ミマキエンジニアリング,Stock,プライム（内国株式）,電気機器,TOPIX Small 2
6644.T,6644,大崎電気工業,Stock,プライム（内国株式）,電気機器,TOPIX Small 2
6645.T,6645,オムロン,Stock,プライム（内国株式）,電気機器,TOPIX Mid400
6651.T,6651,日東工業,Stock,プライム（内国株式）,電気機器,TOPIX Small 1
6652.T,6652,ＩＤＥＣ,Stock,プライム（内国株式）,電気機器,TOPIX Small 1
6674.T,6674,ジーエス・ユアサ　コーポレーション,Stock,プライム（内国株式）,電気機器,TOPIX Mid400
6676.T,6676,ＢＵＦＦＡＬＯ,Stock,スタンダード（内国株式）,電気機器,TOPIX Small 2
6678.T,6678,テクノメディカ,Stock,スタンダード（内国株式）,電気機器,TOPIX Small 2
6699.T,6699,ダイヤモンドエレクトリックホールディングス,Stock,プライム（内国株式）,電気機器,TOPIX Small 2
6701.T,6701,日本電気,Stock,プライム（内国株式）,電気機器,TOPIX Large70
6702.T,6702,富士通,Stock,プライム（内国株式）,電気機器,TOPIX Large70
6703.T,6703,沖電気工業,Stock,プライム（内国株式）,電気機器,TOPIX Small 1
6706.T,6706,電気興業,Stock,プライム（内国株式）,電気機器,TOPIX Small 2
6707.T,6707,サンケン電気,Stock,プライム（内国株式）,電気機器,TOPIX Mid400
6718.T,6718,アイホン,Stock,プライム（内国株式）,電気機器,TOPIX Small 2
6723.T,6723,ルネサスエレクトロニクス,Stock,プライム（内国株式）,電気機器,TOPIX Large70
6724.T,6724,セイコーエプソン,Stock,プライム（内国株式）,電気機器,TOPIX Mid400
6727.T,6727,ワコム,Stock,プライム（内国株式）,電気機器,TOPIX Small 1
6728.T,6728,アルバック,Stock,プライム（内国株式）,電気機器,TOPIX Mid400
6730.T,6730,アクセル,Stock,スタンダード（内国株式）,電気機器,TOPIX Small 2
6737.T,6737,ＥＩＺＯ,Stock,プライム（内国株式）,電気機器,TOPIX Small 1
6740.T,6740,ジャパンディスプレイ,Stock,プライム（内国株式）,電気機器,TOPIX Small 2
6741.T,6741,日本信号,Stock,プライム（内国株式）,電気機器,TOPIX Small 2
6742.T,6742,京三製作所,Stock,プライム（内国株式）,電気機器,TOPIX Small 2
6744.T,6744,能美防災,Stock,プライム（内国株式）,電気機器,TOPIX Small 1
6745.T,6745,ホーチキ,Stock,プライム（内国株式）,電気機器,TOPIX Small 2
6750.T,6750,エレコム,Stock,プライム（内国株式）,電気機器,TOPIX Small 1
6752.T,6752,パナソニック　ホールディングス,Stock,プライム（内国株式）,電気機器,TOPIX Large70
6753.T,6753,シャープ,Stock,プライム（内国株式）,電気機器,TOPIX Mid400
6754.T,6754,アンリツ,Stock,プライム（内国株式）,電気機器,TOPIX Mid400
6758.T,6758,ソニーグループ,Stock,プライム（内国株式）,電気機器,TOPIX Core30
6762.T,6762,ＴＤＫ,Stock,プライム（内国株式）,電気機器,TOPIX Large70
6763.T,6763,帝国通信工業,Stock,プライム（内国株式）,電気機器,TOPIX Small 2
6768.T,6768,タムラ製作所,Stock,プライム（内国株式）,電気機器,TOPIX Small 1
6770.T,6770,アルプスアルパイン,Stock,プライム（内国株式）,電気機器,TOPIX Mid400
6779.T,6779,日本電波工業,Stock,プライム（内国株式）,電気機器,TOPIX Small 2
6785.T,6785,鈴木,Stock,プライム（内国株式）,電気機器,TOPIX Small 2
6787.T,6787,メイコー,Stock,プライム（内国株式）,電気機器,TOPIX Small 1
6788.T,6788,日本トリム,Stock,プライム（内国株式）,電気機器,TOPIX Small 2
6794.T,6794,フォスター電機,Stock,プライム（内国株式）,電気機器,TOPIX Small 2
6798.T,6798,ＳＭＫ,Stock,プライム（内国株式）,電気機器,TOPIX Small 2
6800.T,6800,ヨコオ,Stock,プライム（内国株式）,電気機器,TOPIX Small 2
6804.T,6804,ホシデン,Stock,プライム（内国株式）,電気機器,TOPIX Small 1
6806.T,6806,ヒロセ電機,Stock,プライム（内国株式）,電気機器,TOPIX Mid400
6807.T,6807,日本航空電子工業,Stock,プライム（内国株式）,電気機器,TOPIX Small 1
6809.T,6809,ＴＯＡ,Stock,プライム（内国株式）,電気機器,TOPIX Small 2
6810.T,6810,マクセル,Stock,プライム（内国株式）,電気機器,TOPIX Small 1
6814.T,6814,古野電気,Stock,プライム（内国株式）,電気機器,TOPIX Small 1
6817.T,6817,スミダコーポレーション,Stock,プライム（内国株式）,電気機器,TOPIX Small 2
6820.T,6820,アイコム,Stock,プライム（内国株式）,電気機器,TOPIX Small 2
6823.T,6823,リオン,Stock,プライム（内国株式）,電気機器,TOPIX Small 2
6841.T,6841,横河電機,Stock,プライム（内国株式）,電気機器,TOPIX Mid400
6844.T,6844,新電元工業,Stock,プライム（内国株式）,電気機器,TOPIX Small 2
6845.T,6845,アズビル,Stock,プライム（内国株式）,電気機器,TOPIX Mid400
6849.T,6849,日本光電工業,Stock,プライム（内国株式）,電気機器,TOPIX Mid400
6850.T,6850,チノー,Stock,プライム（内国株式）,電気機器,TOPIX Small 2
6855.T,6855,日本電子材料,Stock,スタンダード（内国株式）,電気機器,TOPIX Small 2
6856.T,6856,堀場製作所,Stock,プライム（内国株式）,電気機器,TOPIX Mid400
6857.T,6857,アドバンテスト,Stock,プライム（内国株式）,電気機器,TOPIX Core30
6859.T,6859,エスペック,Stock,プライム（内国株式）,電気機器,TOPIX Small 1
6861.T,6861,キーエンス,Stock,プライム（内国株式）,電気機器,TOPIX Core30
6866.T,6866,日置電機,Stock,プライム（内国株式）,電気機器,TOPIX Small 1
6869.T,6869,シスメックス,Stock,プライム（内国株式）,電気機器,TOPIX Mid400
6871.T,6871,日本マイクロニクス,Stock,プライム（内国株式）,電気機器,TOPIX Small 1
6875.T,6875,メガチップス,Stock,プライム（内国株式）,電気機器,TOPIX Small 1
6877.T,6877,ＯＢＡＲＡ　ＧＲＯＵＰ,Stock,スタンダード（内国株式）,電気機器,TOPIX Small 2
6902.T,6902,デンソー,Stock,プライム（内国株式）,輸送用機器,TOPIX Large70
6905.T,6905,コーセル,Stock,プライム（内国株式）,電気機器,TOPIX Small 2
6908.T,6908,イリソ電子工業,Stock,プライム（内国株式）,電気機器,TOPIX Small 1
6914.T,6914,オプテックスグループ,Stock,プライム（内国株式）,電気機器,TOPIX Small 1
6915.T,6915,千代田インテグレ,Stock,スタンダード（内国株式）,電気機器,TOPIX Small 2
6920.T,6920,レーザーテック,Stock,プライム（内国株式）,電気機器,TOPIX Large70
6923.T,6923,スタンレー電気,Stock,プライム（内国株式）,電気機器,TOPIX Mid400
6925.T,6925,ウシオ電機,Stock,プライム（内国株式）,電気機器,TOPIX Mid400
6929.T,6929,日本セラミック,Stock,プライム（内国株式）,電気機器,TOPIX Small 1
6941.T,6941,山一電機,Stock,プライム（内国株式）,電気機器,TOPIX Small 1
6947.T,6947,図研,Stock,プライム（内国株式）,電気機器,TOPIX Small 1
6951.T,6951,日本電子,Stock,プライム（内国株式）,電気機器,TOPIX Mid400
6952.T,6952,カシオ計算機,Stock,プライム（内国株式）,電気機器,TOPIX Mid400
6954.T,6954,ファナック,Stock,プライム（内国株式）,電気機器,TOPIX Large70
6958.T,6958,日本シイエムケイ,Stock,プライム（内国株式）,電気機器,TOPIX Small 2
6961.T,6961,エンプラス,Stock,プライム（内国株式）,電気機器,TOPIX Small 2
6962.T,6962,大真空,Stock,プライム（内国株式）,電気機器,TOPIX Small 2
6963.T,6963,ローム,Stock,プライム（内国株式）,電気機器,TOPIX Mid400
6965.T,6965,浜松ホトニクス,Stock,プライム（内国株式）,電気機器,TOPIX Mid400
6966.T,6966,三井ハイテック,Stock,プライム（内国株式）,電気機器,TOPIX Small 1
6971.T,6971,京セラ,Stock,プライム（内国株式）,電気機器,TOPIX Large70
6976.T,6976,太陽誘電,Stock,プライム（内国株式）,電気機器,TOPIX Mid400
6981.T,6981,村田製作所,Stock,プライム（内国株式）,電気機器,TOPIX Large70
6986.T,6986,双葉電子工業,Stock,プライム（内国株式）,電気機器,TOPIX Small 2
6988.T,6988,日東電工,Stock,プライム（内国株式）,化学,TOPIX Mid400
6995.T,6995,東海理化電機製作所,Stock,プライム（内国株式）,輸送用機器,TOPIX Small 1
6996.T,6996,ニチコン,Stock,プライム（内国株式）,電気機器,TOPIX Small 1
6997.T,6997,日本ケミコン,Stock,プライム（内国株式）,電気機器,TOPIX Small 2
6999.T,6999,ＫＯＡ,Stock,プライム（内国株式）,電気機器,TOPIX Small 1
7003.T,7003,三井Ｅ＆Ｓ,Stock,プライム（内国株式）,機械,TOPIX Mid400
7004.T,7004,カナデビア,Stock,プライム（内国株式）,機械,TOPIX Small 1
7011.T,7011,三菱重工業,Stock,プライム（内国株式）,機械,TOPIX Core30
7012.T,7012,川崎重工業,Stock,プライム（内国株式）,輸送用機器,TOPIX Mid400
7013.T,7013,ＩＨＩ,Stock,プライム（内国株式）,機械,TOPIX Mid400
7014.T,7014,名村造船所,Stock,スタンダード（内国株式）,輸送用機器,TOPIX Small 1
7033.T,7033,マネジメントソリューションズ,Stock,プライム（内国株式）,サービス業,TOPIX Small 2
7034.T,7034,プロレド・パートナーズ,Stock,プライム（内国株式）,サービス業,TOPIX Small 2
7038.T,7038,フロンティア・マネジメント,Stock,プライム（内国株式）,サービス業,TOPIX Small 2
7071.T,7071,アンビスホールディングス,Stock,プライム（内国株式）,サービス業,TOPIX Small 2
7085.T,7085,カーブスホールディングス,Stock,プライム（内国株式）,サービス業,TOPIX Small 1
7088.T,7088,フォーラムエンジニアリング,Stock,プライム（内国株式）,サービス業,TOPIX Small 2
7092.T,7092,Ｆａｓｔ　Ｆｉｔｎｅｓｓ　Ｊａｐａｎ,Stock,プライム（内国株式）,サービス業,TOPIX Small 2
7095.T,7095,Ｍａｃｂｅｅ　Ｐｌａｎｅｔ,Stock,プライム（内国株式）,サービス業,TOPIX Small 2
7102.T,7102,日本車輌製造,Stock,プライム（内国株式）,輸送用機器,TOPIX Small 2
7105.T,7105,三菱ロジスネクスト,Stock,スタンダード（内国株式）,輸送用機器,TOPIX Small 1
7128.T,7128,フルサト・マルカホールディングス,Stock,プライム（内国株式）,卸売業,TOPIX Small 1
7130.T,7130,ヤマエグループホールディングス,Stock,プライム（内国株式）,卸売業,TOPIX Small 1
7148.T,7148,ＦＰＧ,Stock,プライム（内国株式）,証券、商品先物取引業,TOPIX Small 1
7157.T,7157,ライフネット生命保険,Stock,プライム（内国株式）,保険業,TOPIX Small 1
7164.T,7164,全国保証,Stock,プライム（内国株式）,その他金融業,TOPIX Mid400
7167.T,7167,めぶきフィナンシャルグループ,Stock,プライム（内国株式）,銀行業,TOPIX Mid400
7172.T,7172,ジャパンインベストメントアドバイザー,Stock,プライム（内国株式）,証券、商品先物取引業,TOPIX Small 1
7173.T,7173,東京きらぼしフィナンシャルグループ,Stock,プライム（内国株式）,銀行業,TOPIX Small 1
7180.T,7180,九州フィナンシャルグループ,Stock,プライム（内国株式）,銀行業,TOPIX Mid400
7181.T,7181,かんぽ生命保険,Stock,プライム（内国株式）,保険業,TOPIX Mid400
7182.T,7182,ゆうちょ銀行,Stock,プライム（内国株式）,銀行業,TOPIX Large70
7184.T,7184,富山第一銀行,Stock,プライム（内国株式）,銀行業,TOPIX Small 1
7186.T,7186,横浜フィナンシャルグループ,Stock,プライム（内国株式）,銀行業,TOPIX Mid400
7187.T,7187,ジェイリース,Stock,プライム（内国株式）,その他金融業,TOPIX Small 2
7189.T,7189,西日本フィナンシャルホールディングス,Stock,プライム（内国株式）,銀行業,TOPIX Mid400
7198.T,7198,ＳＢＩアルヒ,Stock,プライム（内国株式）,その他金融業,TOPIX Small 2
7199.T,7199,プレミアグループ,Stock,プライム（内国株式）,その他金融業,TOPIX Small 1
7201.T,7201,日産自動車,Stock,プライム（内国株式）,輸送用機器,TOPIX Mid400
7202.T,7202,いすゞ自動車,Stock,プライム（内国株式）,輸送用機器,TOPIX Mid400
7203.T,7203,トヨタ自動車,Stock,プライム（内国株式）,輸送用機器,TOPIX Core30
7205.T,7205,日野自動車,Stock,プライム（内国株式）,輸送用機器,TOPIX Small 1
7211.T,7211,三菱自動車工業,Stock,プライム（内国株式）,輸送用機器,TOPIX Mid400
7220.T,7220,武蔵精密工業,Stock,プライム（内国株式）,輸送用機器,TOPIX Small 1
7222.T,7222,日産車体,Stock,スタンダード（内国株式）,輸送用機器,TOPIX Small 2
7224.T,7224,新明和工業,Stock,プライム（内国株式）,輸送用機器,TOPIX Small 1
7226.T,7226,極東開発工業,Stock,プライム（内国株式）,輸送用機器,TOPIX Small 1
7231.T,7231,トピー工業,Stock,プライム（内国株式）,輸送用機器,TOPIX Small 2
7236.T,7236,ティラド,Stock,プライム（内国株式）,輸送用機器,TOPIX Small 2
7238.T,7238,曙ブレーキ工業,Stock,プライム（内国株式）,輸送用機器,TOPIX Small 2
7239.T,7239,タチエス,Stock,プライム（内国株式）,輸送用機器,TOPIX Small 1
7240.T,7240,ＮＯＫ,Stock,プライム（内国株式）,輸送用機器,TOPIX Mid400
7241.T,7241,フタバ産業,Stock,プライム（内国株式）,輸送用機器,TOPIX Small 1
7242.T,7242,カヤバ,Stock,プライム（内国株式）,輸送用機器,TOPIX Small 1
7244.T,7244,市光工業,Stock,プライム（内国株式）,電気機器,TOPIX Small 2
7245.T,7245,大同メタル工業,Stock,プライム（内国株式）,輸送用機器,TOPIX Small 2
7246.T,7246,プレス工業,Stock,プライム（内国株式）,輸送用機器,TOPIX Small 1
7250.T,7250,太平洋工業,Stock,プライム（内国株式）,輸送用機器,TOPIX Small 1
7259.T,7259,アイシン,Stock,プライム（内国株式）,輸送用機器,TOPIX Mid400
7261.T,7261,マツダ,Stock,プライム（内国株式）,輸送用機器,TOPIX Mid400
7267.T,7267,本田技研工業,Stock,プライム（内国株式）,輸送用機器,TOPIX Core30
7269.T,7269,スズキ,Stock,プライム（内国株式）,輸送用機器,TOPIX Large70
7270.T,7270,ＳＵＢＡＲＵ,Stock,プライム（内国株式）,輸送用機器,TOPIX Large70
7272.T,7272,ヤマハ発動機,Stock,プライム（内国株式）,輸送用機器,TOPIX Mid400
7276.T,7276,小糸製作所,Stock,プライム（内国株式）,電気機器,TOPIX Mid400
7278.T,7278,エクセディ,Stock,プライム（内国株式）,輸送用機器,TOPIX Small 1
7280.T,7280,ミツバ,Stock,プライム（内国株式）,電気機器,TOPIX Small 1
7282.T,7282,豊田合成,Stock,プライム（内国株式）,輸送用機器,TOPIX Mid400
7283.T,7283,愛三工業,Stock,プライム（内国株式）,輸送用機器,TOPIX Small 1
7294.T,7294,ヨロズ,Stock,プライム（内国株式）,輸送用機器,TOPIX Small 2
7296.T,7296,エフ・シー・シー,Stock,プライム（内国株式）,輸送用機器,TOPIX Small 1
7309.T,7309,シマノ,Stock,プライム（内国株式）,輸送用機器,TOPIX Large70
7313.T,7313,テイ・エス　テック,Stock,プライム（内国株式）,輸送用機器,TOPIX Mid400
7322.T,7322,三十三フィナンシャルグループ,Stock,プライム（内国株式）,銀行業,TOPIX Small 2
7327.T,7327,第四北越フィナンシャルグループ,Stock,プライム（内国株式）,銀行業,TOPIX Small 1
7337.T,7337,ひろぎんホールディングス,Stock,プライム（内国株式）,銀行業,TOPIX Mid400
7350.T,7350,おきなわフィナンシャルグループ,Stock,プライム（内国株式）,銀行業,TOPIX Small 1
7354.T,7354,ダイレクトマーケティングミックス,Stock,プライム（内国株式）,サービス業,TOPIX Small 2
7358.T,7358,ポピンズ,Stock,スタンダード（内国株式）,サービス業,TOPIX Small 2
7366.T,7366,ＬＩＴＡＬＩＣＯ,Stock,プライム（内国株式）,サービス業,TOPIX Small 2
7380.T,7380,十六フィナンシャルグループ,Stock,プライム（内国株式）,銀行業,TOPIX Small 1
7381.T,7381,ＣＣＩグループ,Stock,プライム（内国株式）,銀行業,TOPIX Small 1
7383.T,7383,ネットプロテクションズホールディングス,Stock,プライム（内国株式）,その他金融業,TOPIX Small 1
7384.T,7384,プロクレアホールディングス,Stock,プライム（内国株式）,銀行業,TOPIX Small 2
7388.T,7388,ＦＰパートナー,Stock,プライム（内国株式）,保険業,TOPIX Small 2
7389.T,7389,あいちフィナンシャルグループ,Stock,プライム（内国株式）,銀行業,TOPIX Small 1
7414.T,7414,小野建,Stock,プライム（内国株式）,卸売業,TOPIX Small 2
7419.T,7419,ノジマ,Stock,プライム（内国株式）,小売業,TOPIX Small 1
7420.T,7420,佐鳥電機,Stock,プライム（内国株式）,卸売業,TOPIX Small 2
7421.T,7421,カッパ・クリエイト,Stock,プライム（内国株式）,小売業,TOPIX Small 1
7433.T,7433,伯東,Stock,プライム（内国株式）,卸売業,TOPIX Small 1
7438.T,7438,コンドーテック,Stock,プライム（内国株式）,卸売業,TOPIX Small 2
7447.T,7447,ナガイレーベン,Stock,プライム（内国株式）,卸売業,TOPIX Small 2
7453.T,7453,良品計画,Stock,プライム（内国株式）,小売業,TOPIX Mid400
7456.T,7456,松田産業,Stock,プライム（内国株式）,卸売業,TOPIX Small 1
7458.T,7458,第一興商,Stock,プライム（内国株式）,卸売業,TOPIX Mid400
7459.T,7459,メディパルホールディングス,Stock,プライム（内国株式）,卸売業,TOPIX Mid400
7463.T,7463,アドヴァングループ,Stock,スタンダード（内国株式）,小売業,TOPIX Small 2
7466.T,7466,ＳＰＫ,Stock,プライム（内国株式）,卸売業,TOPIX Small 2
7467.T,7467,萩原電気ホールディングス,Stock,プライム（内国株式）,卸売業,TOPIX Small 2
7475.T,7475,アルビス,Stock,プライム（内国株式）,小売業,TOPIX Small 2
7476.T,7476,アズワン,Stock,プライム（内国株式）,卸売業,TOPIX Mid400
7480.T,7480,スズデン,Stock,スタンダード（内国株式）,卸売業,TOPIX Small 2
7482.T,7482,シモジマ,Stock,プライム（内国株式）,卸売業,TOPIX Small 2
7483.T,7483,ドウシシャ,Stock,プライム（内国株式）,卸売業,TOPIX Small 2
7504.T,7504,高速,Stock,プライム（内国株式）,卸売業,TOPIX Small 2
7508.T,7508,Ｇ‐７ホールディングス,Stock,プライム（内国株式）,小売業,TOPIX Small 2
7510.T,7510,たけびし,Stock,プライム（内国株式）,卸売業,TOPIX Small 2
7512.T,7512,イオン北海道,Stock,スタンダード（内国株式）,小売業,TOPIX Small 1
7513.T,7513,コジマ,Stock,プライム（内国株式）,小売業,TOPIX Small 1
7516.T,7516,コーナン商事,Stock,プライム（内国株式）,小売業,TOPIX Small 1
7520.T,7520,エコス,Stock,プライム（内国株式）,小売業,TOPIX Small 2
7522.T,7522,ワタミ,Stock,プライム（内国株式）,小売業,TOPIX Small 2
7525.T,7525,リックス,Stock,プライム（内国株式）,卸売業,TOPIX Small 2
7527.T,7527,システムソフト,Stock,スタンダード（内国株式）,情報・通信業,TOPIX Small 2
7532.T,7532,パン・パシフィック・インターナショナルホールディングス,Stock,プライム（内国株式）,小売業,TOPIX Mid400
7537.T,7537,丸文,Stock,プライム（内国株式）,卸売業,TOPIX Small 2
7545.T,7545,西松屋チェーン,Stock,プライム（内国株式）,小売業,TOPIX Small 1
7550.T,7550,ゼンショーホールディングス,Stock,プライム（内国株式）,小売業,TOPIX Mid400
7552.T,7552,ハピネット,Stock,プライム（内国株式）,卸売業,TOPIX Small 1
7554.T,7554,幸楽苑,Stock,プライム（内国株式）,小売業,TOPIX Small 2
7570.T,7570,橋本総業ホールディングス,Stock,スタンダード（内国株式）,卸売業,TOPIX Small 2
7575.T,7575,日本ライフライン,Stock,プライム（内国株式）,卸売業,TOPIX Small 1
7581.T,7581,サイゼリヤ,Stock,プライム（内国株式）,小売業,TOPIX Small 1
7590.T,7590,タカショー,Stock,スタンダード（内国株式）,卸売業,TOPIX Small 2
7593.T,7593,ＶＴホールディングス,Stock,プライム（内国株式）,小売業,TOPIX Small 1
7595.T,7595,アルゴグラフィックス,Stock,プライム（内国株式）,情報・通信業,TOPIX Small 1
7596.T,7596,魚力,Stock,プライム（内国株式）,小売業,TOPIX Small 2
7599.T,7599,ＩＤＯＭ,Stock,プライム（内国株式）,卸売業,TOPIX Small 1
7600.T,7600,日本エム・ディ・エム,Stock,プライム（内国株式）,精密機器,TOPIX Small 2
7606.T,7606,ユナイテッドアローズ,Stock,プライム（内国株式）,小売業,TOPIX Small 1
7607.T,7607,進和,Stock,プライム（内国株式）,卸売業,TOPIX Small 2
7609.T,7609,ダイトロン,Stock,プライム（内国株式）,卸売業,TOPIX Small 2
7611.T,7611,ハイデイ日高,Stock,プライム（内国株式）,小売業,TOPIX Small 1
7613.T,7613,シークス,Stock,プライム（内国株式）,卸売業,TOPIX Small 1
7616.T,7616,コロワイド,Stock,プライム（内国株式）,小売業,TOPIX Mid400
7628.T,7628,オーハシテクニカ,Stock,プライム（内国株式）,卸売業,TOPIX Small 2
7630.T,7630,壱番屋,Stock,プライム（内国株式）,小売業,TOPIX Small 1
7637.T,7637,白銅,Stock,プライム（内国株式）,卸売業,TOPIX Small 2
7649.T,7649,スギホールディングス,Stock,プライム（内国株式）,小売業,TOPIX Mid400
7679.T,7679,薬王堂ホールディングス,Stock,プライム（内国株式）,小売業,TOPIX Small 2
7683.T,7683,ダブルエー,Stock,プライム（内国株式）,小売業,TOPIX Small 2
7701.T,7701,島津製作所,Stock,プライム（内国株式）,精密機器,TOPIX Mid400
7702.T,7702,ＪＭＳ,Stock,スタンダード（内国株式）,精密機器,TOPIX Small 2
7715.T,7715,長野計器,Stock,プライム（内国株式）,精密機器,TOPIX Small 2
7717.T,7717,ブイ・テクノロジー,Stock,プライム（内国株式）,精密機器,TOPIX Small 2
7718.T,7718,スター精密,Stock,プライム（内国株式）,機械,TOPIX Small 1
7721.T,7721,東京計器,Stock,プライム（内国株式）,精密機器,TOPIX Small 1
7723.T,7723,愛知時計電機,Stock,プライム（内国株式）,精密機器,TOPIX Small 2
7725.T,7725,インターアクション,Stock,プライム（内国株式）,精密機器,TOPIX Small 2
7729.T,7729,東京精密,Stock,プライム（内国株式）,精密機器,TOPIX Mid400
7730.T,7730,マニー,Stock,プライム（内国株式）,精密機器,TOPIX Small 1
7731.T,7731,ニコン,Stock,プライム（内国株式）,精密機器,TOPIX Mid400
7733.T,7733,オリンパス,Stock,プライム（内国株式）,精密機器,TOPIX Large70
7734.T,7734,理研計器,Stock,プライム（内国株式）,精密機器,TOPIX Small 1
7735.T,7735,ＳＣＲＥＥＮホールディングス,Stock,プライム（内国株式）,電気機器,TOPIX Mid400
7739.T,7739,キヤノン電子,Stock,プライム（内国株式）,電気機器,TOPIX Small 1
7740.T,7740,タムロン,Stock,プライム（内国株式）,精密機器,TOPIX Small 1
7741.T,7741,ＨＯＹＡ,Stock,プライム（内国株式）,精密機器,TOPIX Core30
7744.T,7744,ノーリツ鋼機,Stock,プライム（内国株式）,精密機器,TOPIX Small 1
7745.T,7745,Ａ＆Ｄホロンホールディングス,Stock,プライム（内国株式）,精密機器,TOPIX Small 1
7747.T,7747,朝日インテック,Stock,プライム（内国株式）,精密機器,TOPIX Mid400
7751.T,7751,キヤノン,Stock,プライム（内国株式）,電気機器,TOPIX Large70
7752.T,7752,リコー,Stock,プライム（内国株式）,電気機器,TOPIX Mid400
7762.T,7762,シチズン時計,Stock,プライム（内国株式）,精密機器,TOPIX Small 1
7780.T,7780,メニコン,Stock,プライム（内国株式）,精密機器,TOPIX Small 1
7817.T,7817,パラマウントベッドホールディングス,Stock,プライム（内国株式）,その他製品,TOPIX Small 1
7818.T,7818,トランザクション,Stock,プライム（内国株式）,その他製品,TOPIX Small 2
7820.T,7820,ニホンフラッシュ,Stock,プライム（内国株式）,その他製品,TOPIX Small 2
7821.T,7821,前田工繊,Stock,プライム（内国株式）,その他製品,TOPIX Small 1
7823.T,7823,アートネイチャー,Stock,スタンダード（内国株式）,その他製品,TOPIX Small 2
7826.T,7826,フルヤ金属,Stock,プライム（内国株式）,その他製品,TOPIX Small 1
7832.T,7832,バンダイナムコホールディングス,Stock,プライム（内国株式）,その他製品,TOPIX Large70
7839.T,7839,ＳＨＯＥＩ,Stock,プライム（内国株式）,その他製品,TOPIX Small 1
7840.T,7840,フランスベッドホールディングス,Stock,プライム（内国株式）,その他製品,TOPIX Small 2
7844.T,7844,マーベラス,Stock,プライム（内国株式）,情報・通信業,TOPIX Small 2
7846.T,7846,パイロットコーポレーション,Stock,プライム（内国株式）,その他製品,TOPIX Mid400
7856.T,7856,萩原工業,Stock,プライム（内国株式）,その他製品,TOPIX Small 2
7860.T,7860,エイベックス,Stock,プライム（内国株式）,情報・通信業,TOPIX Small 1
7864.T,7864,フジシールインターナショナル,Stock,プライム（内国株式）,その他製品,TOPIX Small 1
7867.T,7867,タカラトミー,Stock,プライム（内国株式）,その他製品,TOPIX Mid400
7868.T,7868,広済堂ホールディングス,Stock,プライム（内国株式）,その他製品,TOPIX Small 2
7874.T,7874,レック,Stock,プライム（内国株式）,化学,TOPIX Small 2
7888.T,7888,三光合成,Stock,プライム（内国株式）,化学,TOPIX Small 2
7893.T,7893,プロネクサス,Stock,プライム（内国株式）,その他製品,TOPIX Small 2
7911.T,7911,ＴＯＰＰＡＮホールディングス,Stock,プライム（内国株式）,その他製品,TOPIX Mid400
7912.T,7912,大日本印刷,Stock,プライム（内国株式）,その他製品,TOPIX Mid400
7914.T,7914,共同印刷,Stock,プライム（内国株式）,その他製品,TOPIX Small 2
7915.T,7915,ＮＩＳＳＨＡ,Stock,プライム（内国株式）,その他製品,TOPIX Small 1
7917.T,7917,ＺＡＣＲＯＳ,Stock,プライム（内国株式）,化学,TOPIX Small 2
7921.T,7921,ＴＡＫＡＲＡ　＆　ＣＯＭＰＡＮＹ,Stock,プライム（内国株式）,その他製品,TOPIX Small 2
7925.T,7925,前澤化成工業,Stock,プライム（内国株式）,化学,TOPIX Small 2
7931.T,7931,未来工業,Stock,プライム（内国株式）,化学,TOPIX Small 2
7936.T,7936,アシックス,Stock,プライム（内国株式）,その他製品,TOPIX Large70
7937.T,7937,ツツミ,Stock,スタンダード（内国株式）,その他製品,TOPIX Small 2
7942.T,7942,ＪＳＰ,Stock,プライム（内国株式）,化学,TOPIX Small 2
7943.T,7943,ニチハ,Stock,プライム（内国株式）,ガラス・土石製品,TOPIX Small 1
7944.T,7944,ローランド,Stock,プライム（内国株式）,その他製品,TOPIX Small 1
7947.T,7947,エフピコ,Stock,プライム（内国株式）,化学,TOPIX Small 1
7949.T,7949,小松ウオール工業,Stock,プライム（内国株式）,その他製品,TOPIX Small 2
7951.T,7951,ヤマハ,Stock,プライム（内国株式）,その他製品,TOPIX Mid400
7952.T,7952,河合楽器製作所,Stock,プライム（内国株式）,その他製品,TOPIX Small 2
7955.T,7955,クリナップ,Stock,プライム（内国株式）,その他製品,TOPIX Small 2
7956.T,7956,ピジョン,Stock,プライム（内国株式）,その他製品,TOPIX Mid400
7962.T,7962,キングジム,Stock,プライム（内国株式）,その他製品,TOPIX Small 2
7965.T,7965,象印マホービン,Stock,プライム（内国株式）,電気機器,TOPIX Small 1
7966.T,7966,リンテック,Stock,プライム（内国株式）,その他製品,TOPIX Small 1
7970.T,7970,信越ポリマー,Stock,プライム（内国株式）,化学,TOPIX Small 1
7972.T,7972,イトーキ,Stock,プライム（内国株式）,その他製品,TOPIX Small 1
7974.T,7974,任天堂,Stock,プライム（内国株式）,その他製品,TOPIX Core30
7976.T,7976,三菱鉛筆,Stock,プライム（内国株式）,その他製品,TOPIX Small 1
7979.T,7979,松風,Stock,プライム（内国株式）,精密機器,TOPIX Small 2
7981.T,7981,タカラスタンダード,Stock,プライム（内国株式）,その他製品,TOPIX Small 1
7984.T,7984,コクヨ,Stock,プライム（内国株式）,その他製品,TOPIX Mid400
7987.T,7987,ナカバヤシ,Stock,スタンダード（内国株式）,その他製品,TOPIX Small 2
7988.T,7988,ニフコ,Stock,プライム（内国株式）,化学,TOPIX Mid400
7989.T,7989,立川ブラインド工業,Stock,プライム（内国株式）,金属製品,TOPIX Small 2
7990.T,7990,グローブライド,Stock,プライム（内国株式）,その他製品,TOPIX Small 1
7994.T,7994,オカムラ,Stock,プライム（内国株式）,その他製品,TOPIX Small 1
7995.T,7995,バルカー,Stock,プライム（内国株式）,化学,TOPIX Small 1
8001.T,8001,伊藤忠商事,Stock,プライム（内国株式）,卸売業,TOPIX Core30
8002.T,8002,丸紅,Stock,プライム（内国株式）,卸売業,TOPIX Large70
8005.T,8005,スクロール,Stock,プライム（内国株式）,小売業,TOPIX Small 2
8008.T,8008,ヨンドシーホールディングス,Stock,プライム（内国株式）,小売業,TOPIX Small 1
8011.T,8011,三陽商会,Stock,プライム（内国株式）,繊維製品,TOPIX Small 2
8012.T,8012,長瀬産業,Stock,プライム（内国株式）,卸売業,TOPIX Mid400
8014.T,8014,蝶理,Stock,プライム（内国株式）,卸売業,TOPIX Small 2
8015.T,8015,豊田通商,Stock,プライム（内国株式）,卸売業,TOPIX Large70
8016.T,8016,オンワードホールディングス,Stock,プライム（内国株式）,繊維製品,TOPIX Small 1
8018.T,8018,三共生興,Stock,スタンダード（内国株式）,卸売業,TOPIX Small 2
8020.T,8020,兼松,Stock,プライム（内国株式）,卸売業,TOPIX Mid400
8022.T,8022,美津濃,Stock,プライム（内国株式）,その他製品,TOPIX Small 1
8029.T,8029,ルックホールディングス,Stock,スタンダード（内国株式）,繊維製品,TOPIX Small 2
8031.T,8031,三井物産,Stock,プライム（内国株式）,卸売業,TOPIX Core30
8032.T,8032,日本紙パルプ商事,Stock,プライム（内国株式）,卸売業,TOPIX Small 2
8035.T,8035,東京エレクトロン,Stock,プライム（内国株式）,電気機器,TOPIX Core30
8037.T,8037,カメイ,Stock,プライム（内国株式）,卸売業,TOPIX Small 2
8043.T,8043,スターゼン,Stock,プライム（内国株式）,卸売業,TOPIX Small 2
8050.T,8050,セイコーグループ,Stock,プライム（内国株式）,精密機器,TOPIX Small 1
8051.T,8051,山善,Stock,プライム（内国株式）,卸売業,TOPIX Small 1
8052.T,8052,椿本興業,Stock,プライム（内国株式）,卸売業,TOPIX Small 2
8053.T,8053,住友商事,Stock,プライム（内国株式）,卸売業,TOPIX Large70
8056.T,8056,ＢＩＰＲＯＧＹ,Stock,プライム（内国株式）,情報・通信業,TOPIX Mid400
8057.T,8057,内田洋行,Stock,プライム（内国株式）,卸売業,TOPIX Small 1
8058.T,8058,三菱商事,Stock,プライム（内国株式）,卸売業,TOPIX Core30
8059.T,8059,第一実業,Stock,プライム（内国株式）,卸売業,TOPIX Small 2
8060.T,8060,キヤノンマーケティングジャパン,Stock,プライム（内国株式）,卸売業,TOPIX Mid400
8061.T,8061,西華産業,Stock,プライム（内国株式）,卸売業,TOPIX Small 1
8065.T,8065,佐藤商事,Stock,プライム（内国株式）,卸売業,TOPIX Small 2
8070.T,8070,東京産業,Stock,プライム（内国株式）,卸売業,TOPIX Small 2
8074.T,8074,ユアサ商事,Stock,プライム（内国株式）,卸売業,TOPIX Small 1
8075.T,8075,神鋼商事,Stock,プライム（内国株式）,卸売業,TOPIX Small 2
8078.T,8078,阪和興業,Stock,プライム（内国株式）,卸売業,TOPIX Small 1
8079.T,8079,正栄食品工業,Stock,プライム（内国株式）,卸売業,TOPIX Small 1
8081.T,8081,カナデン,Stock,プライム（内国株式）,卸売業,TOPIX Small 2
8084.T,8084,ＲＹＯＤＥＮ,Stock,プライム（内国株式）,卸売業,TOPIX Small 2
8086.T,8086,ニプロ,Stock,プライム（内国株式）,精密機器,TOPIX Mid400
8088.T,8088,岩谷産業,Stock,プライム（内国株式）,卸売業,TOPIX Mid400
8093.T,8093,極東貿易,Stock,プライム（内国株式）,卸売業,TOPIX Small 2
8095.T,8095,アステナホールディングス,Stock,プライム（内国株式）,卸売業,TOPIX Small 2
8097.T,8097,三愛オブリ,Stock,プライム（内国株式）,卸売業,TOPIX Small 1
8098.T,8098,稲畑産業,Stock,プライム（内国株式）,卸売業,TOPIX Small 1
8101.T,8101,ＧＳＩクレオス,Stock,プライム（内国株式）,卸売業,TOPIX Small 2
8103.T,8103,明和産業,Stock,プライム（内国株式）,卸売業,TOPIX Small 2
8111.T,8111,ゴールドウイン,Stock,プライム（内国株式）,繊維製品,TOPIX Mid400
8113.T,8113,ユニ・チャーム,Stock,プライム（内国株式）,化学,TOPIX Large70
8125.T,8125,ワキタ,Stock,プライム（内国株式）,卸売業,TOPIX Small 1
8129.T,8129,東邦ホールディングス,Stock,プライム（内国株式）,卸売業,TOPIX Mid400
8130.T,8130,サンゲツ,Stock,プライム（内国株式）,卸売業,TOPIX Small 1
8131.T,8131,ミツウロコグループホールディングス,Stock,スタンダード（内国株式）,卸売業,TOPIX Small 2
8132.T,8132,シナネンホールディングス,Stock,プライム（内国株式）,卸売業,TOPIX Small 2
8133.T,8133,伊藤忠エネクス,Stock,プライム（内国株式）,卸売業,TOPIX Small 1
8136.T,8136,サンリオ,Stock,プライム（内国株式）,卸売業,TOPIX Mid400
8137.T,8137,サンワテクノス,Stock,プライム（内国株式）,卸売業,TOPIX Small 2
8141.T,8141,新光商事,Stock,プライム（内国株式）,卸売業,TOPIX Small 2
8142.T,8142,トーホー,Stock,プライム（内国株式）,卸売業,TOPIX Small 2
8150.T,8150,三信電気,Stock,プライム（内国株式）,卸売業,TOPIX Small 2
8151.T,8151,東陽テクニカ,Stock,プライム（内国株式）,卸売業,TOPIX Small 2
8153.T,8153,モスフードサービス,Stock,プライム（内国株式）,卸売業,TOPIX Small 1
8154.T,8154,加賀電子,Stock,プライム（内国株式）,卸売業,TOPIX Small 1
8157.T,8157,都築電気,Stock,プライム（内国株式）,情報・通信業,TOPIX Small 2
8158.T,8158,ソーダニッカ,Stock,プライム（内国株式）,卸売業,TOPIX Small 2
8159.T,8159,立花エレテック,Stock,プライム（内国株式）,卸売業,TOPIX Small 2
8160.T,8160,木曽路,Stock,プライム（内国株式）,小売業,TOPIX Small 1
8163.T,8163,ＳＲＳホールディングス,Stock,プライム（内国株式）,小売業,TOPIX Small 2
8165.T,8165,千趣会,Stock,スタンダード（内国株式）,小売業,TOPIX Small 2
8167.T,8167,リテールパートナーズ,Stock,プライム（内国株式）,小売業,TOPIX Small 2
8173.T,8173,上新電機,Stock,プライム（内国株式）,小売業,TOPIX Small 1
8174.T,8174,日本瓦斯,Stock,プライム（内国株式）,小売業,TOPIX Mid400
8179.T,8179,ロイヤルホールディングス,Stock,プライム（内国株式）,小売業,TOPIX Small 1
8185.T,8185,チヨダ,Stock,プライム（内国株式）,小売業,TOPIX Small 2
8194.T,8194,ライフコーポレーション,Stock,プライム（内国株式）,小売業,TOPIX Small 1
8200.T,8200,リンガーハット,Stock,プライム（内国株式）,小売業,TOPIX Small 1
8203.T,8203,ＭｒＭａｘＨＤ,Stock,プライム（内国株式）,小売業,TOPIX Small 2
8214.T,8214,ＡＯＫＩホールディングス,Stock,プライム（内国株式）,小売業,TOPIX Small 1
8217.T,8217,オークワ,Stock,プライム（内国株式）,小売業,TOPIX Small 2
8218.T,8218,コメリ,Stock,プライム（内国株式）,小売業,TOPIX Small 1
8219.T,8219,青山商事,Stock,プライム（内国株式）,小売業,TOPIX Small 1
8227.T,8227,しまむら,Stock,プライム（内国株式）,小売業,TOPIX Mid400
8233.T,8233,高島屋,Stock,プライム（内国株式）,小売業,TOPIX Mid400
8237.T,8237,松屋,Stock,プライム（内国株式）,小売業,TOPIX Small 1
8242.T,8242,エイチ・ツー・オー　リテイリング,Stock,プライム（内国株式）,小売業,TOPIX Mid400
8244.T,8244,近鉄百貨店,Stock,スタンダード（内国株式）,小売業,TOPIX Small 2
8252.T,8252,丸井グループ,Stock,プライム（内国株式）,小売業,TOPIX Mid400
8253.T,8253,クレディセゾン,Stock,プライム（内国株式）,その他金融業,TOPIX Mid400
8255.T,8255,アクシアル　リテイリング,Stock,プライム（内国株式）,小売業,TOPIX Small 2
8267.T,8267,イオン,Stock,プライム（内国株式）,小売業,TOPIX Large70
8273.T,8273,イズミ,Stock,プライム（内国株式）,小売業,TOPIX Small 1
8275.T,8275,フォーバル,Stock,スタンダード（内国株式）,卸売業,TOPIX Small 2
8276.T,8276,平和堂,Stock,プライム（内国株式）,小売業,TOPIX Small 1
8278.T,8278,フジ,Stock,プライム（内国株式）,小売業,TOPIX Small 1
8281.T,8281,ゼビオホールディングス,Stock,プライム（内国株式）,小売業,TOPIX Small 1
8282.T,8282,ケーズホールディングス,Stock,プライム（内国株式）,小売業,TOPIX Mid400
8283.T,8283,ＰＡＬＴＡＣ,Stock,プライム（内国株式）,卸売業,TOPIX Mid400
8285.T,8285,三谷産業,Stock,スタンダード（内国株式）,卸売業,TOPIX Small 2
8304.T,8304,あおぞら銀行,Stock,プライム（内国株式）,銀行業,TOPIX Mid400
8306.T,8306,三菱ＵＦＪフィナンシャル・グループ,Stock,プライム（内国株式）,銀行業,TOPIX Core30
8308.T,8308,りそなホールディングス,Stock,プライム（内国株式）,銀行業,TOPIX Large70
8309.T,8309,三井住友トラストグループ,Stock,プライム（内国株式）,銀行業,TOPIX Large70
8316.T,8316,三井住友フィナンシャルグループ,Stock,プライム（内国株式）,銀行業,TOPIX Core30
8331.T,8331,千葉銀行,Stock,プライム（内国株式）,銀行業,TOPIX Mid400
8334.T,8334,群馬銀行,Stock,プライム（内国株式）,銀行業,TOPIX Mid400
8336.T,8336,武蔵野銀行,Stock,プライム（内国株式）,銀行業,TOPIX Small 1
8337.T,8337,千葉興業銀行,Stock,プライム（内国株式）,銀行業,TOPIX Small 1
8338.T,8338,筑波銀行,Stock,プライム（内国株式）,銀行業,TOPIX Small 2
8341.T,8341,七十七銀行,Stock,プライム（内国株式）,銀行業,TOPIX Mid400
8343.T,8343,秋田銀行,Stock,プライム（内国株式）,銀行業,TOPIX Small 2
8344.T,8344,山形銀行,Stock,プライム（内国株式）,銀行業,TOPIX Small 2
8345.T,8345,岩手銀行,Stock,プライム（内国株式）,銀行業,TOPIX Small 2
8346.T,8346,東邦銀行,Stock,プライム（内国株式）,銀行業,TOPIX Small 1
8354.T,8354,ふくおかフィナンシャルグループ,Stock,プライム（内国株式）,銀行業,TOPIX Mid400
8358.T,8358,スルガ銀行,Stock,プライム（内国株式）,銀行業,TOPIX Small 1
8359.T,8359,八十二銀行,Stock,プライム（内国株式）,銀行業,TOPIX Mid400
8360.T,8360,山梨中央銀行,Stock,プライム（内国株式）,銀行業,TOPIX Small 1
8361.T,8361,大垣共立銀行,Stock,プライム（内国株式）,銀行業,TOPIX Small 1
8362.T,8362,福井銀行,Stock,プライム（内国株式）,銀行業,TOPIX Small 2
8364.T,8364,清水銀行,Stock,プライム（内国株式）,銀行業,TOPIX Small 2
8366.T,8366,滋賀銀行,Stock,プライム（内国株式）,銀行業,TOPIX Small 1
8367.T,8367,南都銀行,Stock,プライム（内国株式）,銀行業,TOPIX Small 1
8368.T,8368,百五銀行,Stock,プライム（内国株式）,銀行業,TOPIX Small 1
8370.T,8370,紀陽銀行,Stock,プライム（内国株式）,銀行業,TOPIX Small 1
8377.T,8377,ほくほくフィナンシャルグループ,Stock,プライム（内国株式）,銀行業,TOPIX Mid400
8381.T,8381,山陰合同銀行,Stock,プライム（内国株式）,銀行業,TOPIX Small 1
8386.T,8386,百十四銀行,Stock,プライム（内国株式）,銀行業,TOPIX Small 1
8387.T,8387,四国銀行,Stock,プライム（内国株式）,銀行業,TOPIX Small 2
8388.T,8388,阿波銀行,Stock,プライム（内国株式）,銀行業,TOPIX Small 1
8392.T,8392,大分銀行,Stock,プライム（内国株式）,銀行業,TOPIX Small 2
8393.T,8393,宮崎銀行,Stock,プライム（内国株式）,銀行業,TOPIX Small 2
8395.T,8395,佐賀銀行,Stock,プライム（内国株式）,銀行業,TOPIX Small 2
8399.T,8399,琉球銀行,Stock,プライム（内国株式）,銀行業,TOPIX Small 1
8410.T,8410,セブン銀行,Stock,プライム（内国株式）,銀行業,TOPIX Mid400
8411.T,8411,みずほフィナンシャルグループ,Stock,プライム（内国株式）,銀行業,TOPIX Core30
8418.T,8418,山口フィナンシャルグループ,Stock,プライム（内国株式）,銀行業,TOPIX Mid400
8424.T,8424,芙蓉総合リース,Stock,プライム（内国株式）,その他金融業,TOPIX Mid400
8425.T,8425,みずほリース,Stock,プライム（内国株式）,その他金融業,TOPIX Small 1
8439.T,8439,東京センチュリー,Stock,プライム（内国株式）,その他金融業,TOPIX Mid400
8473.T,8473,ＳＢＩホールディングス,Stock,プライム（内国株式）,証券、商品先物取引業,TOPIX Mid400
8511.T,8511,日本証券金融,Stock,プライム（内国株式）,その他金融業,TOPIX Small 1
8515.T,8515,アイフル,Stock,プライム（内国株式）,その他金融業,TOPIX Small 1
8522.T,8522,名古屋銀行,Stock,プライム（内国株式）,銀行業,TOPIX Small 1
8524.T,8524,北洋銀行,Stock,プライム（内国株式）,銀行業,TOPIX Small 1
8541.T,8541,愛媛銀行,Stock,プライム（内国株式）,銀行業,TOPIX Small 2
8544.T,8544,京葉銀行,Stock,プライム（内国株式）,銀行業,TOPIX Small 1
8550.T,8550,栃木銀行,Stock,プライム（内国株式）,銀行業,TOPIX Small 2
8551.T,8551,北日本銀行,Stock,プライム（内国株式）,銀行業,TOPIX Small 2
8558.T,8558,東和銀行,Stock,プライム（内国株式）,銀行業,TOPIX Small 2
8566.T,8566,リコーリース,Stock,プライム（内国株式）,その他金融業,TOPIX Small 1
8570.T,8570,イオンフィナンシャルサービス,Stock,プライム（内国株式）,その他金融業,TOPIX Mid400
8572.T,8572,アコム,Stock,スタンダード（内国株式）,その他金融業,TOPIX Mid400
8584.T,8584,ジャックス,Stock,プライム（内国株式）,その他金融業,TOPIX Small 1
8585.T,8585,オリエントコーポレーション,Stock,プライム（内国株式）,その他金融業,TOPIX Small 1
8591.T,8591,オリックス,Stock,プライム（内国株式）,その他金融業,TOPIX Large70
8593.T,8593,三菱ＨＣキャピタル,Stock,プライム（内国株式）,その他金融業,TOPIX Mid400
8595.T,8595,ジャフコ　グループ,Stock,プライム（内国株式）,証券、商品先物取引業,TOPIX Mid400
8600.T,8600,トモニホールディングス,Stock,プライム（内国株式）,銀行業,TOPIX Small 1
8601.T,8601,大和証券グループ本社,Stock,プライム（内国株式）,証券、商品先物取引業,TOPIX Mid400
8604.T,8604,野村ホールディングス,Stock,プライム（内国株式）,証券、商品先物取引業,TOPIX Large70
8609.T,8609,岡三証券グループ,Stock,プライム（内国株式）,証券、商品先物取引業,TOPIX Small 1
8613.T,8613,丸三証券,Stock,プライム（内国株式）,証券、商品先物取引業,TOPIX Small 1
8614.T,8614,東洋証券,Stock,プライム（内国株式）,証券、商品先物取引業,TOPIX Small 2
8616.T,8616,東海東京フィナンシャル・ホールディングス,Stock,プライム（内国株式）,証券、商品先物取引業,TOPIX Small 1
8622.T,8622,水戸証券,Stock,プライム（内国株式）,証券、商品先物取引業,TOPIX Small 2
8624.T,8624,いちよし証券,Stock,プライム（内国株式）,証券、商品先物取引業,TOPIX Small 2
8628.T,8628,松井証券,Stock,プライム（内国株式）,証券、商品先物取引業,TOPIX Small 1
8630.T,8630,ＳＯＭＰＯホールディングス,Stock,プライム（内国株式）,保険業,TOPIX Large70
8697.T,8697,日本取引所グループ,Stock,プライム（内国株式）,その他金融業,TOPIX Large70
8698.T,8698,マネックスグループ,Stock,プライム（内国株式）,証券、商品先物取引業,TOPIX Small 1
8706.T,8706,極東証券,Stock,プライム（内国株式）,証券、商品先物取引業,TOPIX Small 1
8707.T,8707,岩井コスモホールディングス,Stock,プライム（内国株式）,証券、商品先物取引業,TOPIX Small 1
8708.T,8708,アイザワ証券グループ,Stock,プライム（内国株式）,証券、商品先物取引業,TOPIX Small 2
8713.T,8713,フィデアホールディングス,Stock,プライム（内国株式）,銀行業,TOPIX Small 2
8714.T,8714,池田泉州ホールディングス,Stock,プライム（内国株式）,銀行業,TOPIX Small 1
8715.T,8715,アニコム　ホールディングス,Stock,プライム（内国株式）,保険業,TOPIX Small 1
8725.T,8725,ＭＳ＆ＡＤインシュアランスグループホールディングス,Stock,プライム（内国株式）,保険業,TOPIX Large70
8729.T,8729,ソニーフィナンシャルグループ,Stock,プライム（内国株式）,保険業,TOPIX Core30
8739.T,8739,スパークス・グループ,Stock,プライム（内国株式）,証券、商品先物取引業,TOPIX Small 2
8750.T,8750,第一生命ホールディングス,Stock,プライム（内国株式）,保険業,TOPIX Large70
8766.T,8766,東京海上ホールディングス,Stock,プライム（内国株式）,保険業,TOPIX Core30
8771.T,8771,イー・ギャランティ,Stock,プライム（内国株式）,その他金融業,TOPIX Small 1
8793.T,8793,ＮＥＣキャピタルソリューション,Stock,プライム（内国株式）,その他金融業,TOPIX Small 2
8795.T,8795,Ｔ＆Ｄホールディングス,Stock,プライム（内国株式）,保険業,TOPIX Mid400
8798.T,8798,アドバンスクリエイト,Stock,プライム（内国株式）,保険業,TOPIX Small 2
8801.T,8801,三井不動産,Stock,プライム（内国株式）,不動産業,TOPIX Large70
8802.T,8802,三菱地所,Stock,プライム（内国株式）,不動産業,TOPIX Large70
8803.T,8803,平和不動産,Stock,プライム（内国株式）,不動産業,TOPIX Small 1
8804.T,8804,東京建物,Stock,プライム（内国株式）,不動産業,TOPIX Mid400
8818.T,8818,京阪神ビルディング,Stock,プライム（内国株式）,不動産業,TOPIX Small 2
8830.T,8830,住友不動産,Stock,プライム（内国株式）,不動産業,TOPIX Large70
8841.T,8841,テーオーシー,Stock,スタンダード（内国株式）,不動産業,TOPIX Small 2
8848.T,8848,レオパレス２１,Stock,プライム（内国株式）,不動産業,TOPIX Small 1
8850.T,8850,スターツコーポレーション,Stock,プライム（内国株式）,不動産業,TOPIX Small 1
8860.T,8860,フジ住宅,Stock,プライム（内国株式）,不動産業,TOPIX Small 2
8864.T,8864,空港施設,Stock,プライム（内国株式）,不動産業,TOPIX Small 2
8869.T,8869,明和地所,Stock,スタンダード（内国株式）,不動産業,TOPIX Small 2
8871.T,8871,ゴールドクレスト,Stock,スタンダード（内国株式）,不動産業,TOPIX Small 1
8876.T,8876,リログループ,Stock,プライム（内国株式）,サービス業,TOPIX Mid400
8877.T,8877,エスリード,Stock,プライム（内国株式）,不動産業,TOPIX Small 2
8881.T,8881,日神グループホールディングス,Stock,プライム（内国株式）,不動産業,TOPIX Small 2
8892.T,8892,エスコン,Stock,プライム（内国株式）,不動産業,TOPIX Small 1
8897.T,8897,ＭＩＲＡＲＴＨホールディングス,Stock,プライム（内国株式）,不動産業,TOPIX Small 1
8918.T,8918,ランド,Stock,スタンダード（内国株式）,不動産業,TOPIX Small 2
8919.T,8919,カチタス,Stock,プライム（内国株式）,不動産業,TOPIX Small 1
8920.T,8920,東祥,Stock,スタンダード（内国株式）,サービス業,TOPIX Small 2
8923.T,8923,トーセイ,Stock,プライム（内国株式）,不動産業,TOPIX Small 1
8934.T,8934,サンフロンティア不動産,Stock,プライム（内国株式）,不動産業,TOPIX Small 1
8935.T,8935,ＦＪネクストホールディングス,Stock,プライム（内国株式）,不動産業,TOPIX Small 2
8999.T,8999,グランディハウス,Stock,プライム（内国株式）,不動産業,TOPIX Small 2
9001.T,9001,東武鉄道,Stock,プライム（内国株式）,陸運業,TOPIX Mid400
9003.T,9003,相鉄ホールディングス,Stock,プライム（内国株式）,陸運業,TOPIX Mid400
9005.T,9005,東急,Stock,プライム（内国株式）,陸運業,TOPIX Mid400
9006.T,9006,京浜急行電鉄,Stock,プライム（内国株式）,陸運業,TOPIX Mid400
9007.T,9007,小田急電鉄,Stock,プライム（内国株式）,陸運業,TOPIX Mid400
9008.T,9008,京王電鉄,Stock,プライム（内国株式）,陸運業,TOPIX Mid400
9009.T,9009,京成電鉄,Stock,プライム（内国株式）,陸運業,TOPIX Mid400
9010.T,9010,富士急行,Stock,プライム（内国株式）,陸運業,TOPIX Small 1
9020.T,9020,東日本旅客鉄道,Stock,プライム（内国株式）,陸運業,TOPIX Large70
9021.T,9021,西日本旅客鉄道,Stock,プライム（内国株式）,陸運業,TOPIX Large70
9022.T,9022,東海旅客鉄道,Stock,プライム（内国株式）,陸運業,TOPIX Large70
9023.T,9023,東京地下鉄,Stock,プライム（内国株式）,陸運業,TOPIX Mid400
9024.T,9024,西武ホールディングス,Stock,プライム（内国株式）,陸運業,TOPIX Mid400
9025.T,9025,鴻池運輸,Stock,プライム（内国株式）,陸運業,TOPIX Small 1
9031.T,9031,西日本鉄道,Stock,プライム（内国株式）,陸運業,TOPIX Mid400
9037.T,9037,ハマキョウレックス,Stock,プライム（内国株式）,陸運業,TOPIX Small 1
9039.T,9039,サカイ引越センター,Stock,プライム（内国株式）,陸運業,TOPIX Small 1
9041.T,9041,近鉄グループホールディングス,Stock,プライム（内国株式）,陸運業,TOPIX Mid400
9042.T,9042,阪急阪神ホールディングス,Stock,プライム（内国株式）,陸運業,TOPIX Mid400
9044.T,9044,南海電気鉄道,Stock,プライム（内国株式）,陸運業,TOPIX Mid400
9045.T,9045,京阪ホールディングス,Stock,プライム（内国株式）,陸運業,TOPIX Mid400
9046.T,9046,神戸電鉄,Stock,プライム（内国株式）,陸運業,TOPIX Small 2
9048.T,9048,名古屋鉄道,Stock,プライム（内国株式）,陸運業,TOPIX Mid400
9052.T,9052,山陽電気鉄道,Stock,プライム（内国株式）,陸運業,TOPIX Small 2
9064.T,9064,ヤマトホールディングス,Stock,プライム（内国株式）,陸運業,TOPIX Mid400
9065.T,9065,山九,Stock,プライム（内国株式）,陸運業,TOPIX Mid400
9068.T,9068,丸全昭和運輸,Stock,プライム（内国株式）,陸運業,TOPIX Small 1
9069.T,9069,センコーグループホールディングス,Stock,プライム（内国株式）,陸運業,TOPIX Mid400
9072.T,9072,ニッコンホールディングス,Stock,プライム（内国株式）,陸運業,TOPIX Mid400
9075.T,9075,福山通運,Stock,プライム（内国株式）,陸運業,TOPIX Small 1
9076.T,9076,セイノーホールディングス,Stock,プライム（内国株式）,陸運業,TOPIX Mid400
9081.T,9081,神奈川中央交通,Stock,プライム（内国株式）,陸運業,TOPIX Small 2
9090.T,9090,ＡＺ－ＣＯＭ丸和ホールディングス,Stock,プライム（内国株式）,陸運業,TOPIX Small 1
9101.T,9101,日本郵船,Stock,プライム（内国株式）,海運業,TOPIX Large70
9104.T,9104,商船三井,Stock,プライム（内国株式）,海運業,TOPIX Large70
9107.T,9107,川崎汽船,Stock,プライム（内国株式）,海運業,TOPIX Mid400
9110.T,9110,ＮＳユナイテッド海運,Stock,プライム（内国株式）,海運業,TOPIX Small 1
9119.T,9119,飯野海運,Stock,プライム（内国株式）,海運業,TOPIX Small 1
9142.T,9142,九州旅客鉄道,Stock,プライム（内国株式）,陸運業,TOPIX Mid400
9143.T,9143,ＳＧホールディングス,Stock,プライム（内国株式）,陸運業,TOPIX Mid400
9147.T,9147,ＮＩＰＰＯＮ　ＥＸＰＲＥＳＳホールディングス,Stock,プライム（内国株式）,陸運業,TOPIX Mid400
9201.T,9201,日本航空,Stock,プライム（内国株式）,空運業,TOPIX Mid400
9202.T,9202,ＡＮＡホールディングス,Stock,プライム（内国株式）,空運業,TOPIX Large70
9216.T,9216,ビーウィズ,Stock,プライム（内国株式）,サービス業,TOPIX Small 2
9229.T,9229,サンウェルズ,Stock,プライム（内国株式）,サービス業,TOPIX Small 2
9247.T,9247,ＴＲＥホールディングス,Stock,プライム（内国株式）,サービス業,TOPIX Small 1
9248.T,9248,人・夢・技術グループ,Stock,スタンダード（内国株式）,サービス業,TOPIX Small 2
9262.T,9262,シルバーライフ,Stock,スタンダード（内国株式）,小売業,TOPIX Small 2
9267.T,9267,Ｇｅｎｋｙ　ＤｒｕｇＳｔｏｒｅｓ,Stock,プライム（内国株式）,小売業,TOPIX Small 1
9273.T,9273,コーア商事ホールディングス,Stock,プライム（内国株式）,卸売業,TOPIX Small 2
9274.T,9274,ＫＰＰグループホールディングス,Stock,プライム（内国株式）,卸売業,TOPIX Small 1
9278.T,9278,ブックオフグループホールディングス,Stock,プライム（内国株式）,小売業,TOPIX Small 2
9279.T,9279,ギフトホールディングス,Stock,プライム（内国株式）,小売業,TOPIX Small 2
9301.T,9301,三菱倉庫,Stock,プライム（内国株式）,倉庫・運輸関連業,TOPIX Mid400
9302.T,9302,三井倉庫ホールディングス,Stock,プライム（内国株式）,倉庫・運輸関連業,TOPIX Mid400
9303.T,9303,住友倉庫,Stock,プライム（内国株式）,倉庫・運輸関連業,TOPIX Small 1
9304.T,9304,澁澤倉庫,Stock,プライム（内国株式）,倉庫・運輸関連業,TOPIX Small 2
9305.T,9305,ヤマタネ,Stock,プライム（内国株式）,卸売業,TOPIX Small 2
9308.T,9308,乾汽船,Stock,スタンダード（内国株式）,海運業,TOPIX Small 2
9310.T,9310,日本トランスシティ,Stock,プライム（内国株式）,倉庫・運輸関連業,TOPIX Small 2
9319.T,9319,中央倉庫,Stock,プライム（内国株式）,倉庫・運輸関連業,TOPIX Small 2
9324.T,9324,安田倉庫,Stock,プライム（内国株式）,倉庫・運輸関連業,TOPIX Small 2
9332.T,9332,ＮＩＳＳＯホールディングス,Stock,プライム（内国株式）,サービス業,TOPIX Small 2
9336.T,9336,大栄環境,Stock,プライム（内国株式）,サービス業,TOPIX Small 1
9341.T,9341,ＧＥＮＯＶＡ,Stock,プライム（内国株式）,サービス業,TOPIX Small 2
9347.T,9347,日本管財ホールディングス,Stock,プライム（内国株式）,サービス業,TOPIX Small 2
9364.T,9364,上組,Stock,プライム（内国株式）,倉庫・運輸関連業,TOPIX Mid400
9369.T,9369,キユーソー流通システム,Stock,スタンダード（内国株式）,倉庫・運輸関連業,TOPIX Small 2
9381.T,9381,エーアイテイー,Stock,プライム（内国株式）,倉庫・運輸関連業,TOPIX Small 2
9401.T,9401,ＴＢＳホールディングス,Stock,プライム（内国株式）,情報・通信業,TOPIX Mid400
9404.T,9404,日本テレビホールディングス,Stock,プライム（内国株式）,情報・通信業,TOPIX Mid400
9405.T,9405,朝日放送グループホールディングス,Stock,プライム（内国株式）,情報・通信業,TOPIX Small 2
9409.T,9409,テレビ朝日ホールディングス,Stock,プライム（内国株式）,情報・通信業,TOPIX Small 1
9412.T,9412,スカパーＪＳＡＴホールディングス,Stock,プライム（内国株式）,情報・通信業,TOPIX Small 1
9413.T,9413,テレビ東京ホールディングス,Stock,プライム（内国株式）,情報・通信業,TOPIX Small 1
9416.T,9416,ビジョン,Stock,プライム（内国株式）,情報・通信業,TOPIX Small 1
9418.T,9418,Ｕ－ＮＥＸＴ　ＨＯＬＤＩＮＧＳ,Stock,プライム（内国株式）,情報・通信業,TOPIX Small 1
9424.T,9424,日本通信,Stock,プライム（内国株式）,情報・通信業,TOPIX Small 2
9432.T,9432,ＮＴＴ,Stock,プライム（内国株式）,情報・通信業,TOPIX Core30
9433.T,9433,ＫＤＤＩ,Stock,プライム（内国株式）,情報・通信業,TOPIX Core30
9434.T,9434,ソフトバンク,Stock,プライム（内国株式）,情報・通信業,TOPIX Core30
9435.T,9435,光通信,Stock,プライム（内国株式）,情報・通信業,TOPIX Mid400
9438.T,9438,エムティーアイ,Stock,プライム（内国株式）,情報・通信業,TOPIX Small 2
9449.T,9449,ＧＭＯインターネットグループ,Stock,プライム（内国株式）,情報・通信業,TOPIX Mid400
9450.T,9450,ファイバーゲート,Stock,スタンダード（内国株式）,情報・通信業,TOPIX Small 2
9468.T,9468,ＫＡＤＯＫＡＷＡ,Stock,プライム（内国株式）,情報・通信業,TOPIX Mid400
9470.T,9470,学研ホールディングス,Stock,プライム（内国株式）,情報・通信業,TOPIX Small 2
9474.T,9474,ゼンリン,Stock,プライム（内国株式）,情報・通信業,TOPIX Small 2
9501.T,9501,東京電力ホールディングス,Stock,プライム（内国株式）,電気・ガス業,TOPIX Mid400
9502.T,9502,中部電力,Stock,プライム（内国株式）,電気・ガス業,TOPIX Mid400
9503.T,9503,関西電力,Stock,プライム（内国株式）,電気・ガス業,TOPIX Mid400
9504.T,9504,中国電力,Stock,プライム（内国株式）,電気・ガス業,TOPIX Mid400
9505.T,9505,北陸電力,Stock,プライム（内国株式）,電気・ガス業,TOPIX Mid400
9506.T,9506,東北電力,Stock,プライム（内国株式）,電気・ガス業,TOPIX Mid400
9507.T,9507,四国電力,Stock,プライム（内国株式）,電気・ガス業,TOPIX Mid400
9508.T,9508,九州電力,Stock,プライム（内国株式）,電気・ガス業,TOPIX Mid400
9509.T,9509,北海道電力,Stock,プライム（内国株式）,電気・ガス業,TOPIX Mid400
9511.T,9511,沖縄電力,Stock,プライム（内国株式）,電気・ガス業,TOPIX Small 1
9513.T,9513,電源開発,Stock,プライム（内国株式）,電気・ガス業,TOPIX Mid400
9514.T,9514,エフオン,Stock,スタンダード（内国株式）,電気・ガス業,TOPIX Small 2
9517.T,9517,イーレックス,Stock,プライム（内国株式）,電気・ガス業,TOPIX Small 2
9519.T,9519,レノバ,Stock,プライム（内国株式）,電気・ガス業,TOPIX Small 1
9531.T,9531,東京瓦斯,Stock,プライム（内国株式）,電気・ガス業,TOPIX Mid400
9532.T,9532,大阪瓦斯,Stock,プライム（内国株式）,電気・ガス業,TOPIX Mid400
9533.T,9533,東邦瓦斯,Stock,プライム（内国株式）,電気・ガス業,TOPIX Mid400
9534.T,9534,北海道瓦斯,Stock,プライム（内国株式）,電気・ガス業,TOPIX Small 2
9535.T,9535,広島ガス,Stock,プライム（内国株式）,電気・ガス業,TOPIX Small 2
9536.T,9536,西部ガスホールディングス,Stock,プライム（内国株式）,電気・ガス業,TOPIX Small 2
9543.T,9543,静岡ガス,Stock,プライム（内国株式）,電気・ガス業,TOPIX Small 1
9551.T,9551,メタウォーター,Stock,プライム（内国株式）,電気・ガス業,TOPIX Small 1
9552.T,9552,Ｍ＆Ａ総研ホールディングス,Stock,プライム（内国株式）,サービス業,TOPIX Small 1
9600.T,9600,アイネット,Stock,プライム（内国株式）,情報・通信業,TOPIX Small 2
9601.T,9601,松竹,Stock,プライム（内国株式）,情報・通信業,TOPIX Small 1
9602.T,9602,東宝,Stock,プライム（内国株式）,情報・通信業,TOPIX Mid400
9603.T,9603,エイチ・アイ・エス,Stock,プライム（内国株式）,サービス業,TOPIX Small 1
9605.T,9605,東映,Stock,プライム（内国株式）,情報・通信業,TOPIX Small 1
9612.T,9612,ラックランド,Stock,プライム（内国株式）,サービス業,TOPIX Small 2
9616.T,9616,共立メンテナンス,Stock,プライム（内国株式）,サービス業,TOPIX Mid400
9619.T,9619,イチネンホールディングス,Stock,プライム（内国株式）,サービス業,TOPIX Small 2
9621.T,9621,建設技術研究所,Stock,プライム（内国株式）,サービス業,TOPIX Small 1
9622.T,9622,スペース,Stock,プライム（内国株式）,サービス業,TOPIX Small 2
9627.T,9627,アインホールディングス,Stock,プライム（内国株式）,小売業,TOPIX Mid400
9628.T,9628,燦ホールディングス,Stock,プライム（内国株式）,サービス業,TOPIX Small 2
9629.T,9629,ピー・シー・エー,Stock,プライム（内国株式）,情報・通信業,TOPIX Small 2
9632.T,9632,スバル興業,Stock,スタンダード（内国株式）,サービス業,TOPIX Small 2
9644.T,9644,タナベコンサルティンググループ,Stock,プライム（内国株式）,サービス業,TOPIX Small 2
9658.T,9658,ビジネスブレイン太田昭和,Stock,プライム（内国株式）,情報・通信業,TOPIX Small 2
9663.T,9663,ナガワ,Stock,プライム（内国株式）,サービス業,TOPIX Small 2
9672.T,9672,東京都競馬,Stock,プライム（内国株式）,サービス業,TOPIX Small 1
9678.T,9678,カナモト,Stock,プライム（内国株式）,サービス業,TOPIX Small 1
9682.T,9682,ＤＴＳ,Stock,プライム（内国株式）,情報・通信業,TOPIX Small 1
9684.T,9684,スクウェア・エニックス・ホールディングス,Stock,プライム（内国株式）,情報・通信業,TOPIX Mid400
9692.T,9692,シーイーシー,Stock,プライム（内国株式）,情報・通信業,TOPIX Small 1
9697.T,9697,カプコン,Stock,プライム（内国株式）,情報・通信業,TOPIX Mid400
9699.T,9699,ニシオホールディングス,Stock,プライム（内国株式）,サービス業,TOPIX Small 1
9702.T,9702,アイ・エス・ビー,Stock,プライム（内国株式）,情報・通信業,TOPIX Small 2
9706.T,9706,日本空港ビルデング,Stock,プライム（内国株式）,不動産業,TOPIX Mid400
9715.T,9715,トランス・コスモス,Stock,プライム（内国株式）,サービス業,TOPIX Small 1
9716.T,9716,乃村工藝社,Stock,プライム（内国株式）,サービス業,TOPIX Small 1
9719.T,9719,ＳＣＳＫ,Stock,プライム（内国株式）,情報・通信業,TOPIX Mid400
9722.T,9722,藤田観光,Stock,プライム（内国株式）,サービス業,TOPIX Small 1
9726.T,9726,ＫＮＴ－ＣＴホールディングス,Stock,スタンダード（内国株式）,サービス業,TOPIX Small 2
9729.T,9729,トーカイ,Stock,プライム（内国株式）,サービス業,TOPIX Small 2
9735.T,9735,セコム,Stock,プライム（内国株式）,サービス業,TOPIX Large70
9739.T,9739,ＮＳＷ,Stock,プライム（内国株式）,情報・通信業,TOPIX Small 2
9740.T,9740,セントラル警備保障,Stock,プライム（内国株式）,サービス業,TOPIX Small 2
9742.T,9742,アイネス,Stock,プライム（内国株式）,情報・通信業,TOPIX Small 2
9743.T,9743,丹青社,Stock,プライム（内国株式）,サービス業,TOPIX Small 1
9744.T,9744,メイテックグループホールディングス,Stock,プライム（内国株式）,サービス業,TOPIX Mid400
9746.T,9746,ＴＫＣ,Stock,プライム（内国株式）,情報・通信業,TOPIX Small 1
9755.T,9755,応用地質,Stock,プライム（内国株式）,サービス業,TOPIX Small 2
9757.T,9757,船井総研ホールディングス,Stock,プライム（内国株式）,サービス業,TOPIX Small 1
9759.T,9759,ＮＳＤ,Stock,プライム（内国株式）,情報・通信業,TOPIX Mid400
9766.T,9766,コナミグループ,Stock,プライム（内国株式）,情報・通信業,TOPIX Mid400
9769.T,9769,学究社,Stock,プライム（内国株式）,サービス業,TOPIX Small 2
9788.T,9788,ナック,Stock,プライム（内国株式）,サービス業,TOPIX Small 2
9790.T,9790,福井コンピュータホールディングス,Stock,プライム（内国株式）,情報・通信業,TOPIX Small 2
9793.T,9793,ダイセキ,Stock,プライム（内国株式）,サービス業,TOPIX Small 1
9795.T,9795,ステップ,Stock,プライム（内国株式）,サービス業,TOPIX Small 2
9824.T,9824,泉州電業,Stock,プライム（内国株式）,卸売業,TOPIX Small 1
9828.T,9828,Ｇｅｎｋｉ　Ｇｌｏｂａｌ　Ｄｉｎｉｎｇ　Ｃｏｎｃｅｐｔｓ,Stock,スタンダード（内国株式）,小売業,TOPIX Small 1
9830.T,9830,トラスコ中山,Stock,プライム（内国株式）,卸売業,TOPIX Small 1
9831.T,9831,ヤマダホールディングス,Stock,プライム（内国株式）,小売業,TOPIX Mid400
9832.T,9832,オートバックスセブン,Stock,プライム（内国株式）,卸売業,TOPIX Small 1
9837.T,9837,モリト,Stock,プライム（内国株式）,卸売業,TOPIX Small 2
9842.T,9842,アークランズ,Stock,プライム（内国株式）,小売業,TOPIX Small 1
9843.T,9843,ニトリホールディングス,Stock,プライム（内国株式）,小売業,TOPIX Mid400
9850.T,9850,グルメ杵屋,Stock,プライム（内国株式）,小売業,TOPIX Small 2
9856.T,9856,ケーユーホールディングス,Stock,スタンダード（内国株式）,小売業,TOPIX Small 2
9861.T,9861,吉野家ホールディングス,Stock,プライム（内国株式）,小売業,TOPIX Mid400
9869.T,9869,加藤産業,Stock,プライム（内国株式）,卸売業,TOPIX Small 1
9880.T,9880,イノテック,Stock,プライム（内国株式）,電気機器,TOPIX Small 2
9882.T,9882,イエローハット,Stock,プライム（内国株式）,卸売業,TOPIX Small 1
9887.T,9887,松屋フーズホールディングス,Stock,プライム（内国株式）,小売業,TOPIX Small 1
9889.T,9889,ＪＢＣＣホールディングス,Stock,プライム（内国株式）,情報・通信業,TOPIX Small 1
9896.T,9896,ＪＫホールディングス,Stock,スタンダード（内国株式）,卸売業,TOPIX Small 2
9900.T,9900,サガミホールディングス,Stock,プライム（内国株式）,小売業,TOPIX Small 1
9902.T,9902,日伝,Stock,プライム（内国株式）,卸売業,TOPIX Small 2
9928.T,9928,ミロク情報サービス,Stock,プライム（内国株式）,情報・通信業,TOPIX Small 2
9932.T,9932,杉本商事,Stock,プライム（内国株式）,卸売業,TOPIX Small 2
9934.T,9934,因幡電機産業,Stock,プライム（内国株式）,卸売業,TOPIX Mid400
9936.T,9936,王将フードサービス,Stock,プライム（内国株式）,小売業,TOPIX Small 1
9946.T,9946,ミニストップ,Stock,プライム（内国株式）,小売業,TOPIX Small 2
9948.T,9948,アークス,Stock,プライム（内国株式）,小売業,TOPIX Small 1
9956.T,9956,バローホールディングス,Stock,プライム（内国株式）,小売業,TOPIX Small 1
9960.T,9960,東テク,Stock,プライム（内国株式）,卸売業,TOPIX Small 1
9962.T,9962,ミスミグループ本社,Stock,プライム（内国株式）,卸売業,TOPIX Mid400
9974.T,9974,ベルク,Stock,プライム（内国株式）,小売業,TOPIX Small 1
9979.T,9979,大庄,Stock,スタンダード（内国株式）,小売業,TOPIX Small 2
9983.T,9983,ファーストリテイリング,Stock,プライム（内国株式）,小売業,TOPIX Core30
9984.T,9984,ソフトバンクグループ,Stock,プライム（内国株式）,情報・通信業,TOPIX Core30
9987.T,9987,スズケン,Stock,プライム（内国株式）,卸売業,TOPIX Mid400
9989.T,9989,サンドラッグ,Stock,プライム（内国株式）,小売業,TOPIX Mid400
9990.T,9990,サックスバー　ホールディングス,Stock,プライム（内国株式）,小売業,TOPIX Small 2
9991.T,9991,ジェコス,Stock,プライム（内国株式）,卸売業,TOPIX Small 2
9997.T,9997,ベルーナ,Stock,プライム（内国株式）,小売業,TOPIX Small 1
